圈定车系名称,车型名称,厂商指导价,经销商名称,_merge
宝马iX1,2024款eDrive25LX设计套装,29.99,北京京宝行,left_only
宝马iX1,2024款eDrive25LX设计套装,29.99,北京中升宝辉奥森店,left_only
宝马iX1,2024款eDrive25LX设计套装,29.99,北京晨德宝 宝马领创中心,left_only
宝马iX1,2024款eDrive25LX设计套装,29.99,北京骏宝行宝马,left_only
宝马iX1,2024款eDrive25LX设计套装,29.99,北京盈之宝,left_only
宝马iX1,2024款eDrive25LX设计套装,29.99,北京运通兴宝,left_only
宝马iX1,2024款eDrive25LX设计套装,29.99,北京博瑞宝宝马永定门店,left_only
宝马iX1,2024款eDrive25LX设计套装,29.99,北京燕德宝汽车销售有限公司,left_only
宝马iX1,2024款eDrive25LX设计套装,29.99,北京中升宝晋未来科学城店,left_only
宝马iX1,2024款eDrive25LX设计套装,29.99,北京运通晟宝 亦庄新城店,left_only
宝马iX1,2024款eDrive25LX设计套装,29.99,北京万宝航宝马中心,left_only
宝马iX1,2024款eDrive25LX设计套装,29.99,北京易至宝汽车销售服务有限公司,left_only
宝马iX1,2024款eDrive25LX设计套装,29.99,北京华德宝宝马四惠店,left_only
宝马iX1,2024款eDrive25LX设计套装,29.99,北京昌德宝,left_only
宝马iX1,2024款eDrive25LX设计套装,29.99,北京运通嘉宝顺义西站店,left_only
宝马iX1,2024款eDrive25LX设计套装,29.99,宝信行宝马,left_only
宝马iX1,2024款eDrive25LX设计套装,29.99,北京博得宝宝马德胜门店,left_only
宝马iX1,2024款eDrive25LX设计套装,29.99,北京宝诚百旺,left_only
宝马iX1,2024款eDrive25LX设计套装,29.99,北京汇宝行,left_only
宝马iX1,2024款eDrive25LX设计套装,29.99,北京美宝行顺义城区店,left_only
宝马iX1,2024款eDrive25LM运动套装,29.99,北京京宝行,left_only
宝马iX1,2024款eDrive25LM运动套装,29.99,北京中升宝辉奥森店,left_only
宝马iX1,2024款eDrive25LM运动套装,29.99,北京晨德宝 宝马领创中心,left_only
宝马iX1,2024款eDrive25LM运动套装,29.99,北京骏宝行宝马,left_only
宝马iX1,2024款eDrive25LM运动套装,29.99,北京盈之宝,left_only
宝马iX1,2024款eDrive25LM运动套装,29.99,北京运通兴宝,left_only
宝马iX1,2024款eDrive25LM运动套装,29.99,北京博瑞宝宝马永定门店,left_only
宝马iX1,2024款eDrive25LM运动套装,29.99,北京燕德宝汽车销售有限公司,left_only
宝马iX1,2024款eDrive25LM运动套装,29.99,北京中升宝晋未来科学城店,left_only
宝马iX1,2024款eDrive25LM运动套装,29.99,北京运通晟宝 亦庄新城店,left_only
宝马iX1,2024款eDrive25LM运动套装,29.99,北京万宝航宝马中心,left_only
宝马iX1,2024款eDrive25LM运动套装,29.99,北京易至宝汽车销售服务有限公司,left_only
宝马iX1,2024款eDrive25LM运动套装,29.99,北京华德宝宝马四惠店,left_only
宝马iX1,2024款eDrive25LM运动套装,29.99,北京昌德宝,left_only
宝马iX1,2024款eDrive25LM运动套装,29.99,北京运通嘉宝顺义西站店,left_only
宝马iX1,2024款eDrive25LM运动套装,29.99,宝信行宝马,left_only
宝马iX1,2024款eDrive25LM运动套装,29.99,北京博得宝宝马德胜门店,left_only
宝马iX1,2024款eDrive25LM运动套装,29.99,北京宝诚百旺,left_only
宝马iX1,2024款eDrive25LM运动套装,29.99,北京汇宝行,left_only
宝马iX1,2024款eDrive25LM运动套装,29.99,北京美宝行顺义城区店,left_only
宝马iX1,2023款xDrive30LX设计套装,33.99,北京京宝行,both
宝马iX1,2023款xDrive30LX设计套装,33.99,北京中升宝辉奥森店,both
宝马iX1,2023款xDrive30LX设计套装,33.99,北京晨德宝 宝马领创中心,left_only
宝马iX1,2023款xDrive30LX设计套装,33.99,北京骏宝行宝马,left_only
宝马iX1,2023款xDrive30LX设计套装,33.99,北京盈之宝,left_only
宝马iX1,2023款xDrive30LX设计套装,33.99,北京运通兴宝,left_only
宝马iX1,2023款xDrive30LX设计套装,33.99,北京博瑞宝宝马永定门店,both
宝马iX1,2023款xDrive30LX设计套装,33.99,北京燕德宝汽车销售有限公司,left_only
宝马iX1,2023款xDrive30LX设计套装,33.99,北京中升宝晋未来科学城店,both
宝马iX1,2023款xDrive30LX设计套装,33.99,北京运通晟宝 亦庄新城店,both
宝马iX1,2023款xDrive30LX设计套装,33.99,北京万宝航宝马中心,left_only
宝马iX1,2023款xDrive30LX设计套装,33.99,北京易至宝汽车销售服务有限公司,left_only
宝马iX1,2023款xDrive30LX设计套装,33.99,北京华德宝宝马四惠店,both
宝马iX1,2023款xDrive30LX设计套装,33.99,北京昌德宝,left_only
宝马iX1,2023款xDrive30LX设计套装,33.99,北京运通嘉宝顺义西站店,left_only
宝马iX1,2023款xDrive30LX设计套装,33.99,宝信行宝马,left_only
宝马iX1,2023款xDrive30LX设计套装,33.99,北京博得宝宝马德胜门店,both
宝马iX1,2023款xDrive30LX设计套装,33.99,北京宝诚百旺,both
宝马iX1,2023款xDrive30LX设计套装,33.99,北京汇宝行,left_only
宝马iX1,2023款xDrive30LX设计套装,33.99,北京美宝行顺义城区店,both
宝马iX1,2023款xDrive30LM运动套装,33.99,北京京宝行,both
宝马iX1,2023款xDrive30LM运动套装,33.99,北京中升宝辉奥森店,both
宝马iX1,2023款xDrive30LM运动套装,33.99,北京晨德宝 宝马领创中心,left_only
宝马iX1,2023款xDrive30LM运动套装,33.99,北京骏宝行宝马,left_only
宝马iX1,2023款xDrive30LM运动套装,33.99,北京盈之宝,left_only
宝马iX1,2023款xDrive30LM运动套装,33.99,北京运通兴宝,left_only
宝马iX1,2023款xDrive30LM运动套装,33.99,北京博瑞宝宝马永定门店,both
宝马iX1,2023款xDrive30LM运动套装,33.99,北京燕德宝汽车销售有限公司,left_only
宝马iX1,2023款xDrive30LM运动套装,33.99,北京中升宝晋未来科学城店,both
宝马iX1,2023款xDrive30LM运动套装,33.99,北京运通晟宝 亦庄新城店,both
宝马iX1,2023款xDrive30LM运动套装,33.99,北京万宝航宝马中心,left_only
宝马iX1,2023款xDrive30LM运动套装,33.99,北京易至宝汽车销售服务有限公司,left_only
宝马iX1,2023款xDrive30LM运动套装,33.99,北京华德宝宝马四惠店,both
宝马iX1,2023款xDrive30LM运动套装,33.99,北京昌德宝,left_only
宝马iX1,2023款xDrive30LM运动套装,33.99,北京运通嘉宝顺义西站店,left_only
宝马iX1,2023款xDrive30LM运动套装,33.99,宝信行宝马,left_only
宝马iX1,2023款xDrive30LM运动套装,33.99,北京博得宝宝马德胜门店,both
宝马iX1,2023款xDrive30LM运动套装,33.99,北京宝诚百旺,both
宝马iX1,2023款xDrive30LM运动套装,33.99,北京汇宝行,left_only
宝马iX1,2023款xDrive30LM运动套装,33.99,北京美宝行顺义城区店,both
奔驰EQS,2023款EQS450+先锋型,88.1,北京中升之星奔驰,left_only
奔驰EQS,2023款EQS450+先锋型,88.1,北京博瑞祥驰,left_only
奔驰EQS,2023款EQS450+先锋型,88.1,北京波士瑞达,left_only
奔驰EQS,2023款EQS450+先锋型,88.1,北京鹏龙大道奔驰,left_only
奔驰EQS,2023款EQS450+先锋型,88.1,北京波士通达奔驰,left_only
奔驰EQS,2023款EQS450+先锋型,88.1,北京波士畅达奔驰,left_only
奔驰EQS,2023款EQS450+先锋型,88.1,北京波士顺达,left_only
奔驰EQS,2023款EQS450+先锋型,88.1,百得利之星奔驰,left_only
奔驰EQS,2023款EQS450+豪华型,99.2,北京博瑞祥驰,left_only
奔驰EQS,2023款EQS450+豪华型,99.2,北京波士通达奔驰,left_only
奔驰EQS,2023款EQS450+豪华型,99.2,北京波士畅达奔驰,left_only
奔驰EQS,2023款EQS450+豪华型,99.2,百得利之星奔驰,left_only
奔驰EQS,2023款EQS450+豪华型,99.2,北京波士顺达,left_only
奔驰EQS,2023款EQS450+豪华型,99.2,北京波士瑞达,left_only
奔驰EQS,2023款EQS450+豪华型,99.2,北京中升之星奔驰,left_only
奔驰EQS,2023款EQS450+豪华型,99.2,北京鹏龙大道奔驰,left_only
奔驰EQS,2023款EQS5804MATIC,133.9,北京博瑞祥驰,left_only
奔驰EQS,2023款EQS5804MATIC,133.9,北京波士通达奔驰,left_only
奔驰EQS,2023款EQS5804MATIC,133.9,北京波士畅达奔驰,left_only
奔驰EQS,2023款EQS5804MATIC,133.9,百得利之星奔驰,left_only
奔驰EQS,2023款EQS5804MATIC,133.9,北京波士顺达,left_only
奔驰EQS,2023款EQS5804MATIC,133.9,北京波士瑞达,left_only
奔驰EQS,2023款EQS5804MATIC,133.9,北京中升之星奔驰,left_only
奔驰EQS,2023款EQS5804MATIC,133.9,北京鹏龙大道奔驰,left_only
奔驰EQA,2023款EQA260,32.2,北京博瑞祥驰,both
奔驰EQA,2023款EQA260,32.2,北京波士通达奔驰,left_only
奔驰EQA,2023款EQA260,32.2,北京波士畅达奔驰,left_only
奔驰EQA,2023款EQA260,32.2,百得利之星奔驰,both
奔驰EQA,2023款EQA260,32.2,北京波士顺达,left_only
奔驰EQA,2023款EQA260,32.2,北京波士瑞达,left_only
奔驰EQA,2023款EQA260,32.2,北京星徽福瑞汽车销售服务有限公司,left_only
奔驰EQA,2023款EQA260,32.2,北京中升之星奔驰,both
奔驰EQA,2023款EQA260,32.2,北京鹏龙大道奔驰,both
揽胜极光新能源,2023款极光LP300e插电式电动混合型,41.58,23年惠通陆华四惠亚洲旗舰店,left_only
揽胜极光新能源,2023款极光LP300e插电式电动混合型,41.58,北京运通兴捷,left_only
揽胜极光新能源,2023款极光LP300e插电式电动混合型,41.58,运通捷豹路虎卓越5S店,left_only
揽胜极光新能源,2023款极光LP300e插电式电动混合型,41.58,通州捷豹路虎旗舰店,left_only
揽胜极光新能源,2023款极光LP300e插电式电动混合型,41.58,18年兰德陆华皇冠店,left_only
揽胜极光新能源,2023款极光LP300e插电式电动混合型,41.58,北京燕英捷捷豹路虎金港赛道旗舰体验中心,left_only
揽胜极光新能源,2023款极光LP300e插电式电动混合型,41.58,北京长久世达,left_only
揽胜极光新能源,2023款极光LP300e插电式电动混合型,41.58,长久世捷西四环5S中心,both
发现运动版新能源,2024款P300e插电式电动混合型,40.98,23年惠通陆华四惠亚洲旗舰店,left_only
发现运动版新能源,2024款P300e插电式电动混合型,40.98,北京运通兴捷,left_only
发现运动版新能源,2024款P300e插电式电动混合型,40.98,运通捷豹路虎卓越5S店,left_only
发现运动版新能源,2024款P300e插电式电动混合型,40.98,通州捷豹路虎旗舰店,left_only
发现运动版新能源,2024款P300e插电式电动混合型,40.98,18年兰德陆华皇冠店,left_only
发现运动版新能源,2024款P300e插电式电动混合型,40.98,北京燕英捷捷豹路虎金港赛道旗舰体验中心,left_only
发现运动版新能源,2024款P300e插电式电动混合型,40.98,北京长久世达,left_only
发现运动版新能源,2024款P300e插电式电动混合型,40.98,长久世捷西四环5S中心,both
奔驰EQB,2023款EQB260,35.2,北京博瑞祥驰,both
奔驰EQB,2023款EQB260,35.2,北京波士通达奔驰,left_only
奔驰EQB,2023款EQB260,35.2,北京波士畅达奔驰,left_only
奔驰EQB,2023款EQB260,35.2,百得利之星奔驰,both
奔驰EQB,2023款EQB260,35.2,北京波士顺达,left_only
奔驰EQB,2023款EQB260,35.2,北京波士瑞达,left_only
奔驰EQB,2023款EQB260,35.2,北京星徽福瑞汽车销售服务有限公司,left_only
奔驰EQB,2023款EQB260,35.2,北京中升之星奔驰,both
奔驰EQB,2023款EQB260,35.2,北京鹏龙大道奔驰,both
奔驰EQB,2023款EQB3504MATIC,42.8,北京博瑞祥驰,both
奔驰EQB,2023款EQB3504MATIC,42.8,北京波士通达奔驰,left_only
奔驰EQB,2023款EQB3504MATIC,42.8,北京波士畅达奔驰,left_only
奔驰EQB,2023款EQB3504MATIC,42.8,百得利之星奔驰,both
奔驰EQB,2023款EQB3504MATIC,42.8,北京波士顺达,left_only
奔驰EQB,2023款EQB3504MATIC,42.8,北京波士瑞达,left_only
奔驰EQB,2023款EQB3504MATIC,42.8,北京星徽福瑞汽车销售服务有限公司,left_only
奔驰EQB,2023款EQB3504MATIC,42.8,北京中升之星奔驰,both
奔驰EQB,2023款EQB3504MATIC,42.8,北京鹏龙大道奔驰,both
宝马i3,2023款eDrive35L,35.39,北京晨德宝 宝马领创中心,left_only
宝马i3,2023款eDrive35L,35.39,北京中升宝辉奥森店,left_only
宝马i3,2023款eDrive35L,35.39,北京骏宝行宝马,left_only
宝马i3,2023款eDrive35L,35.39,北京盈之宝,left_only
宝马i3,2023款eDrive35L,35.39,北京运通兴宝,left_only
宝马i3,2023款eDrive35L,35.39,北京博瑞宝宝马永定门店,left_only
宝马i3,2023款eDrive35L,35.39,北京燕德宝汽车销售有限公司,left_only
宝马i3,2023款eDrive35L,35.39,北京中升宝晋未来科学城店,left_only
宝马i3,2023款eDrive35L,35.39,北京运通晟宝 亦庄新城店,left_only
宝马i3,2023款eDrive35L,35.39,北京万宝航宝马中心,left_only
宝马i3,2023款eDrive35L,35.39,北京易至宝汽车销售服务有限公司,left_only
宝马i3,2023款eDrive35L,35.39,北京华德宝宝马四惠店,left_only
宝马i3,2023款eDrive35L,35.39,北京昌德宝,left_only
宝马i3,2023款eDrive35L,35.39,北京运通嘉宝顺义西站店,left_only
宝马i3,2023款eDrive35L,35.39,宝信行宝马,left_only
宝马i3,2023款eDrive35L,35.39,北京博得宝宝马德胜门店,left_only
宝马i3,2023款eDrive35L,35.39,北京宝诚百旺,left_only
宝马i3,2023款eDrive35L,35.39,北京汇宝行,left_only
宝马i3,2023款eDrive35L,35.39,北京美宝行顺义城区店,left_only
宝马i3,2023款eDrive35L,35.39,北京京宝行,left_only
宝马i3,2023款eDrive40L曜夜套装,38.39,北京晨德宝 宝马领创中心,left_only
宝马i3,2023款eDrive40L曜夜套装,38.39,北京晨德宝 宝马领创中心,left_only
宝马i3,2023款eDrive40L曜夜套装,38.39,北京中升宝辉奥森店,left_only
宝马i3,2023款eDrive40L曜夜套装,38.39,北京中升宝辉奥森店,left_only
宝马i3,2023款eDrive40L曜夜套装,38.39,北京骏宝行宝马,left_only
宝马i3,2023款eDrive40L曜夜套装,38.39,北京骏宝行宝马,left_only
宝马i3,2023款eDrive40L曜夜套装,38.39,北京盈之宝,left_only
宝马i3,2023款eDrive40L曜夜套装,38.39,北京盈之宝,left_only
宝马i3,2023款eDrive40L曜夜套装,38.39,北京运通兴宝,left_only
宝马i3,2023款eDrive40L曜夜套装,38.39,北京运通兴宝,left_only
宝马i3,2023款eDrive40L曜夜套装,38.39,北京博瑞宝宝马永定门店,left_only
宝马i3,2023款eDrive40L曜夜套装,38.39,北京博瑞宝宝马永定门店,left_only
宝马i3,2023款eDrive40L曜夜套装,38.39,北京燕德宝汽车销售有限公司,left_only
宝马i3,2023款eDrive40L曜夜套装,38.39,北京燕德宝汽车销售有限公司,left_only
宝马i3,2023款eDrive40L曜夜套装,38.39,北京中升宝晋未来科学城店,left_only
宝马i3,2023款eDrive40L曜夜套装,38.39,北京中升宝晋未来科学城店,left_only
宝马i3,2023款eDrive40L曜夜套装,38.39,北京运通晟宝 亦庄新城店,left_only
宝马i3,2023款eDrive40L曜夜套装,38.39,北京运通晟宝 亦庄新城店,left_only
宝马i3,2023款eDrive40L曜夜套装,38.39,北京万宝航宝马中心,left_only
宝马i3,2023款eDrive40L曜夜套装,38.39,北京万宝航宝马中心,left_only
宝马i3,2023款eDrive40L曜夜套装,38.39,北京易至宝汽车销售服务有限公司,left_only
宝马i3,2023款eDrive40L曜夜套装,38.39,北京易至宝汽车销售服务有限公司,left_only
宝马i3,2023款eDrive40L曜夜套装,38.39,北京华德宝宝马四惠店,left_only
宝马i3,2023款eDrive40L曜夜套装,38.39,北京华德宝宝马四惠店,left_only
宝马i3,2023款eDrive40L曜夜套装,38.39,北京昌德宝,left_only
宝马i3,2023款eDrive40L曜夜套装,38.39,北京运通嘉宝顺义西站店,left_only
宝马i3,2023款eDrive40L曜夜套装,38.39,北京运通嘉宝顺义西站店,left_only
宝马i3,2023款eDrive40L曜夜套装,38.39,宝信行宝马,left_only
宝马i3,2023款eDrive40L曜夜套装,38.39,宝信行宝马,left_only
宝马i3,2023款eDrive40L曜夜套装,38.39,北京博得宝宝马德胜门店,left_only
宝马i3,2023款eDrive40L曜夜套装,38.39,北京博得宝宝马德胜门店,left_only
宝马i3,2023款eDrive40L曜夜套装,38.39,北京宝诚百旺,left_only
宝马i3,2023款eDrive40L曜夜套装,38.39,北京宝诚百旺,left_only
宝马i3,2023款eDrive40L曜夜套装,38.39,北京汇宝行,left_only
宝马i3,2023款eDrive40L曜夜套装,38.39,北京汇宝行,left_only
宝马i3,2023款eDrive40L曜夜套装,38.39,北京美宝行顺义城区店,left_only
宝马i3,2023款eDrive40L曜夜套装,38.39,北京美宝行顺义城区店,left_only
宝马i3,2023款eDrive40L曜夜套装,38.39,北京京宝行,left_only
宝马i3,2023款eDrive40L曜夜套装,38.39,北京京宝行,left_only
宝马i3,2023款eDrive40L曜夜运动套装,41.39,北京晨德宝 宝马领创中心,left_only
宝马i3,2023款eDrive40L曜夜运动套装,41.39,北京晨德宝 宝马领创中心,left_only
宝马i3,2023款eDrive40L曜夜运动套装,41.39,北京中升宝辉奥森店,left_only
宝马i3,2023款eDrive40L曜夜运动套装,41.39,北京中升宝辉奥森店,left_only
宝马i3,2023款eDrive40L曜夜运动套装,41.39,北京骏宝行宝马,left_only
宝马i3,2023款eDrive40L曜夜运动套装,41.39,北京骏宝行宝马,left_only
宝马i3,2023款eDrive40L曜夜运动套装,41.39,北京盈之宝,left_only
宝马i3,2023款eDrive40L曜夜运动套装,41.39,北京盈之宝,left_only
宝马i3,2023款eDrive40L曜夜运动套装,41.39,北京运通兴宝,left_only
宝马i3,2023款eDrive40L曜夜运动套装,41.39,北京运通兴宝,left_only
宝马i3,2023款eDrive40L曜夜运动套装,41.39,北京博瑞宝宝马永定门店,left_only
宝马i3,2023款eDrive40L曜夜运动套装,41.39,北京博瑞宝宝马永定门店,left_only
宝马i3,2023款eDrive40L曜夜运动套装,41.39,北京燕德宝汽车销售有限公司,left_only
宝马i3,2023款eDrive40L曜夜运动套装,41.39,北京燕德宝汽车销售有限公司,left_only
宝马i3,2023款eDrive40L曜夜运动套装,41.39,北京中升宝晋未来科学城店,left_only
宝马i3,2023款eDrive40L曜夜运动套装,41.39,北京中升宝晋未来科学城店,left_only
宝马i3,2023款eDrive40L曜夜运动套装,41.39,北京运通晟宝 亦庄新城店,left_only
宝马i3,2023款eDrive40L曜夜运动套装,41.39,北京运通晟宝 亦庄新城店,left_only
宝马i3,2023款eDrive40L曜夜运动套装,41.39,北京万宝航宝马中心,left_only
宝马i3,2023款eDrive40L曜夜运动套装,41.39,北京万宝航宝马中心,left_only
宝马i3,2023款eDrive40L曜夜运动套装,41.39,北京易至宝汽车销售服务有限公司,left_only
宝马i3,2023款eDrive40L曜夜运动套装,41.39,北京易至宝汽车销售服务有限公司,left_only
宝马i3,2023款eDrive40L曜夜运动套装,41.39,北京华德宝宝马四惠店,left_only
宝马i3,2023款eDrive40L曜夜运动套装,41.39,北京华德宝宝马四惠店,left_only
宝马i3,2023款eDrive40L曜夜运动套装,41.39,北京昌德宝,left_only
宝马i3,2023款eDrive40L曜夜运动套装,41.39,北京运通嘉宝顺义西站店,left_only
宝马i3,2023款eDrive40L曜夜运动套装,41.39,北京运通嘉宝顺义西站店,left_only
宝马i3,2023款eDrive40L曜夜运动套装,41.39,宝信行宝马,left_only
宝马i3,2023款eDrive40L曜夜运动套装,41.39,宝信行宝马,left_only
宝马i3,2023款eDrive40L曜夜运动套装,41.39,北京博得宝宝马德胜门店,left_only
宝马i3,2023款eDrive40L曜夜运动套装,41.39,北京博得宝宝马德胜门店,left_only
宝马i3,2023款eDrive40L曜夜运动套装,41.39,北京宝诚百旺,left_only
宝马i3,2023款eDrive40L曜夜运动套装,41.39,北京宝诚百旺,left_only
宝马i3,2023款eDrive40L曜夜运动套装,41.39,北京汇宝行,left_only
宝马i3,2023款eDrive40L曜夜运动套装,41.39,北京汇宝行,left_only
宝马i3,2023款eDrive40L曜夜运动套装,41.39,北京美宝行顺义城区店,left_only
宝马i3,2023款eDrive40L曜夜运动套装,41.39,北京美宝行顺义城区店,left_only
宝马i3,2023款eDrive40L曜夜运动套装,41.39,北京京宝行,left_only
宝马i3,2023款eDrive40L曜夜运动套装,41.39,北京京宝行,left_only
宝马i3,2022款eDrive35L,35.39,北京晨德宝 宝马领创中心,left_only
宝马i3,2022款eDrive35L,35.39,北京中升宝辉奥森店,left_only
宝马i3,2022款eDrive35L,35.39,北京盈之宝,left_only
宝马i3,2022款eDrive35L,35.39,北京运通兴宝,left_only
宝马i3,2022款eDrive35L,35.39,北京博瑞宝宝马永定门店,left_only
宝马i3,2022款eDrive35L,35.39,北京燕德宝汽车销售有限公司,left_only
宝马i3,2022款eDrive35L,35.39,北京中升宝晋未来科学城店,left_only
宝马i3,2022款eDrive35L,35.39,北京运通晟宝 亦庄新城店,left_only
宝马i3,2022款eDrive35L,35.39,北京万宝航宝马中心,left_only
宝马i3,2022款eDrive35L,35.39,北京易至宝汽车销售服务有限公司,left_only
宝马i3,2022款eDrive35L,35.39,北京华德宝宝马四惠店,left_only
宝马i3,2022款eDrive35L,35.39,北京运通嘉宝顺义西站店,left_only
宝马i3,2022款eDrive35L,35.39,宝信行宝马,left_only
宝马i3,2022款eDrive35L,35.39,北京博得宝宝马德胜门店,left_only
宝马i3,2022款eDrive35L,35.39,北京宝诚百旺,left_only
宝马i3,2022款eDrive35L,35.39,北京汇宝行,left_only
宝马i3,2022款eDrive35L,35.39,北京美宝行顺义城区店,left_only
宝马i3,2022款eDrive35L,35.39,北京京宝行,left_only
宝马iX3,2024款领先型新上市,40.5,北京晨德宝 宝马领创中心,left_only
宝马iX3,2024款领先型新上市,40.5,北京中升宝辉奥森店,left_only
宝马iX3,2024款领先型新上市,40.5,北京骏宝行宝马,left_only
宝马iX3,2024款领先型新上市,40.5,北京盈之宝,left_only
宝马iX3,2024款领先型新上市,40.5,北京运通兴宝,left_only
宝马iX3,2024款领先型新上市,40.5,北京博瑞宝宝马永定门店,left_only
宝马iX3,2024款领先型新上市,40.5,北京燕德宝汽车销售有限公司,left_only
宝马iX3,2024款领先型新上市,40.5,北京中升宝晋未来科学城店,left_only
宝马iX3,2024款领先型新上市,40.5,北京运通晟宝 亦庄新城店,left_only
宝马iX3,2024款领先型新上市,40.5,北京万宝航宝马中心,left_only
宝马iX3,2024款领先型新上市,40.5,北京易至宝汽车销售服务有限公司,left_only
宝马iX3,2024款领先型新上市,40.5,北京华德宝宝马四惠店,left_only
宝马iX3,2024款领先型新上市,40.5,北京昌德宝,left_only
宝马iX3,2024款领先型新上市,40.5,北京运通嘉宝顺义西站店,left_only
宝马iX3,2024款领先型新上市,40.5,宝信行宝马,left_only
宝马iX3,2024款领先型新上市,40.5,北京博得宝宝马德胜门店,left_only
宝马iX3,2024款领先型新上市,40.5,北京宝诚百旺,left_only
宝马iX3,2024款领先型新上市,40.5,北京汇宝行,left_only
宝马iX3,2024款领先型新上市,40.5,北京美宝行顺义城区店,left_only
宝马iX3,2024款领先型新上市,40.5,北京京宝行,left_only
宝马iX3,2024款创领型新上市,44.5,北京晨德宝 宝马领创中心,left_only
宝马iX3,2024款创领型新上市,44.5,北京中升宝辉奥森店,left_only
宝马iX3,2024款创领型新上市,44.5,北京骏宝行宝马,left_only
宝马iX3,2024款创领型新上市,44.5,北京盈之宝,left_only
宝马iX3,2024款创领型新上市,44.5,北京运通兴宝,left_only
宝马iX3,2024款创领型新上市,44.5,北京博瑞宝宝马永定门店,left_only
宝马iX3,2024款创领型新上市,44.5,北京燕德宝汽车销售有限公司,left_only
宝马iX3,2024款创领型新上市,44.5,北京中升宝晋未来科学城店,left_only
宝马iX3,2024款创领型新上市,44.5,北京运通晟宝 亦庄新城店,left_only
宝马iX3,2024款创领型新上市,44.5,北京万宝航宝马中心,left_only
宝马iX3,2024款创领型新上市,44.5,北京易至宝汽车销售服务有限公司,left_only
宝马iX3,2024款创领型新上市,44.5,北京华德宝宝马四惠店,left_only
宝马iX3,2024款创领型新上市,44.5,北京昌德宝,left_only
宝马iX3,2024款创领型新上市,44.5,北京运通嘉宝顺义西站店,left_only
宝马iX3,2024款创领型新上市,44.5,宝信行宝马,left_only
宝马iX3,2024款创领型新上市,44.5,北京博得宝宝马德胜门店,left_only
宝马iX3,2024款创领型新上市,44.5,北京宝诚百旺,left_only
宝马iX3,2024款创领型新上市,44.5,北京汇宝行,left_only
宝马iX3,2024款创领型新上市,44.5,北京美宝行顺义城区店,left_only
宝马iX3,2024款创领型新上市,44.5,北京京宝行,left_only
宝马iX3,2023款领先型,40.5,北京晨德宝 宝马领创中心,left_only
宝马iX3,2023款领先型,40.5,北京中升宝辉奥森店,both
宝马iX3,2023款领先型,40.5,北京骏宝行宝马,left_only
宝马iX3,2023款领先型,40.5,北京盈之宝,left_only
宝马iX3,2023款领先型,40.5,北京运通兴宝,left_only
宝马iX3,2023款领先型,40.5,北京博瑞宝宝马永定门店,both
宝马iX3,2023款领先型,40.5,北京燕德宝汽车销售有限公司,left_only
宝马iX3,2023款领先型,40.5,北京中升宝晋未来科学城店,both
宝马iX3,2023款领先型,40.5,北京运通晟宝 亦庄新城店,both
宝马iX3,2023款领先型,40.5,北京万宝航宝马中心,left_only
宝马iX3,2023款领先型,40.5,北京易至宝汽车销售服务有限公司,left_only
宝马iX3,2023款领先型,40.5,北京华德宝宝马四惠店,both
宝马iX3,2023款领先型,40.5,北京昌德宝,left_only
宝马iX3,2023款领先型,40.5,北京运通嘉宝顺义西站店,left_only
宝马iX3,2023款领先型,40.5,宝信行宝马,left_only
宝马iX3,2023款领先型,40.5,北京博得宝宝马德胜门店,both
宝马iX3,2023款领先型,40.5,北京宝诚百旺,both
宝马iX3,2023款领先型,40.5,北京汇宝行,left_only
宝马iX3,2023款领先型,40.5,北京美宝行顺义城区店,both
宝马iX3,2023款领先型,40.5,北京京宝行,both
宝马iX3,2023款创领型,44.5,北京晨德宝 宝马领创中心,left_only
宝马iX3,2023款创领型,44.5,北京中升宝辉奥森店,both
宝马iX3,2023款创领型,44.5,北京骏宝行宝马,left_only
宝马iX3,2023款创领型,44.5,北京盈之宝,left_only
宝马iX3,2023款创领型,44.5,北京运通兴宝,left_only
宝马iX3,2023款创领型,44.5,北京博瑞宝宝马永定门店,both
宝马iX3,2023款创领型,44.5,北京燕德宝汽车销售有限公司,left_only
宝马iX3,2023款创领型,44.5,北京中升宝晋未来科学城店,both
宝马iX3,2023款创领型,44.5,北京运通晟宝 亦庄新城店,both
宝马iX3,2023款创领型,44.5,北京万宝航宝马中心,left_only
宝马iX3,2023款创领型,44.5,北京易至宝汽车销售服务有限公司,left_only
宝马iX3,2023款创领型,44.5,北京华德宝宝马四惠店,both
宝马iX3,2023款创领型,44.5,北京昌德宝,left_only
宝马iX3,2023款创领型,44.5,北京运通嘉宝顺义西站店,left_only
宝马iX3,2023款创领型,44.5,宝信行宝马,left_only
宝马iX3,2023款创领型,44.5,北京博得宝宝马德胜门店,both
宝马iX3,2023款创领型,44.5,北京宝诚百旺,both
宝马iX3,2023款创领型,44.5,北京汇宝行,left_only
宝马iX3,2023款创领型,44.5,北京美宝行顺义城区店,both
宝马iX3,2023款创领型,44.5,北京京宝行,both
奔驰EQC,2022款EQC3504MATIC,49.19,北京博瑞祥驰,both
奔驰EQC,2022款EQC3504MATIC,49.19,北京波士畅达奔驰,left_only
奔驰EQC,2022款EQC3504MATIC,49.19,百得利之星奔驰,both
奔驰EQC,2022款EQC3504MATIC,49.19,北京波士顺达,left_only
奔驰EQC,2022款EQC3504MATIC,49.19,北京波士瑞达,left_only
奔驰EQC,2022款EQC3504MATIC,49.19,北京中升之星奔驰,both
奔驰EQC,2022款EQC3504MATIC,49.19,北京鹏龙大道奔驰,both
奔驰EQC,2022款EQC3504MATIC特别型,50.19,北京博瑞祥驰,both
奔驰EQC,2022款EQC3504MATIC特别型,50.19,北京波士畅达奔驰,left_only
奔驰EQC,2022款EQC3504MATIC特别型,50.19,百得利之星奔驰,both
奔驰EQC,2022款EQC3504MATIC特别型,50.19,北京波士顺达,left_only
奔驰EQC,2022款EQC3504MATIC特别型,50.19,北京波士瑞达,left_only
奔驰EQC,2022款EQC3504MATIC特别型,50.19,北京中升之星奔驰,both
奔驰EQC,2022款EQC3504MATIC特别型,50.19,北京鹏龙大道奔驰,both
奔驰EQC,2022款EQC4004MATIC,57.19,北京博瑞祥驰,both
奔驰EQC,2022款EQC4004MATIC,57.19,北京波士畅达奔驰,left_only
奔驰EQC,2022款EQC4004MATIC,57.19,百得利之星奔驰,both
奔驰EQC,2022款EQC4004MATIC,57.19,北京波士顺达,left_only
奔驰EQC,2022款EQC4004MATIC,57.19,北京波士瑞达,left_only
奔驰EQC,2022款EQC4004MATIC,57.19,北京中升之星奔驰,both
奔驰EQC,2022款EQC4004MATIC,57.19,北京鹏龙大道奔驰,both
奥迪e-tron,2021款50quattro豪华型,54.68,北京东方华奥,both
奥迪e-tron,2021款50quattro豪华型,54.68,北京中润发奥迪,left_only
奥迪e-tron,2021款50quattro豪华型,54.68,北京安洋伟业奥迪,left_only
奥迪e-tron,2021款50quattro豪华型,54.68,北京新丰泰奥迪中心,both
奥迪e-tron,2021款50quattro豪华型,54.68,北京奥嘉世茂奥迪,left_only
奥迪e-tron,2021款50quattro豪华型,54.68,北京奥吉通奥迪中心,left_only
奥迪e-tron,2021款50quattro豪华型,54.68,北京德奥达奥迪,left_only
奥迪e-tron,2021款50quattro豪华型,54.68,北京兴奥晟通奥迪,left_only
奥迪e-tron,2021款50quattro豪华型,54.68,北京诚行万奥奥迪中心,left_only
奥迪e-tron,2021款50quattro豪华型,54.68,北京运通博奥,left_only
奥迪e-tron,2021款50quattro豪华型,54.68,北京奥之旅奥迪,left_only
奥迪e-tron,2021款50quattro豪华型,54.68,北京博瑞祥星奥迪,left_only
奥迪e-tron,2021款50quattro豪华型,54.68,北京博瑞祥云,left_only
奥迪e-tron,2021款50quattro豪华型,54.68,北京百得利奥迪中心,left_only
奥迪e-tron,2021款50quattro豪华型,54.68,北京国服信奥兴,both
奥迪e-tron,2021款50quattro豪华型,54.68,北京百得利海淀奥迪中心,both
奥迪e-tron,2021款50quattro豪华型,54.68,北京国服信奥众,both
奥迪e-tron,2021款50quattro豪华型,54.68,北京奥吉通国门奥迪中心,left_only
奥迪e-tron,2021款50quattro豪华型,54.68,北京华阳奥通,both
奥迪e-tron,2021款50quattro臻选型,58.58,北京东方华奥,both
奥迪e-tron,2021款50quattro臻选型,58.58,北京中润发奥迪,left_only
奥迪e-tron,2021款50quattro臻选型,58.58,北京安洋伟业奥迪,left_only
奥迪e-tron,2021款50quattro臻选型,58.58,北京新丰泰奥迪中心,both
奥迪e-tron,2021款50quattro臻选型,58.58,北京奥嘉世茂奥迪,left_only
奥迪e-tron,2021款50quattro臻选型,58.58,北京奥吉通奥迪中心,left_only
奥迪e-tron,2021款50quattro臻选型,58.58,北京德奥达奥迪,left_only
奥迪e-tron,2021款50quattro臻选型,58.58,北京兴奥晟通奥迪,left_only
奥迪e-tron,2021款50quattro臻选型,58.58,北京诚行万奥奥迪中心,left_only
奥迪e-tron,2021款50quattro臻选型,58.58,北京运通博奥,left_only
奥迪e-tron,2021款50quattro臻选型,58.58,北京奥之旅奥迪,left_only
奥迪e-tron,2021款50quattro臻选型,58.58,北京博瑞祥星奥迪,left_only
奥迪e-tron,2021款50quattro臻选型,58.58,北京博瑞祥云,left_only
奥迪e-tron,2021款50quattro臻选型,58.58,北京百得利奥迪中心,left_only
奥迪e-tron,2021款50quattro臻选型,58.58,北京国服信奥兴,both
奥迪e-tron,2021款50quattro臻选型,58.58,北京百得利海淀奥迪中心,both
奥迪e-tron,2021款50quattro臻选型,58.58,北京国服信奥众,both
奥迪e-tron,2021款50quattro臻选型,58.58,北京奥吉通国门奥迪中心,left_only
奥迪e-tron,2021款50quattro臻选型,58.58,北京华阳奥通,both
奥迪e-tron,2021款50quattro尊享型,64.88,北京东方华奥,both
奥迪e-tron,2021款50quattro尊享型,64.88,北京中润发奥迪,left_only
奥迪e-tron,2021款50quattro尊享型,64.88,北京安洋伟业奥迪,left_only
奥迪e-tron,2021款50quattro尊享型,64.88,北京新丰泰奥迪中心,both
奥迪e-tron,2021款50quattro尊享型,64.88,北京奥嘉世茂奥迪,left_only
奥迪e-tron,2021款50quattro尊享型,64.88,北京奥吉通奥迪中心,left_only
奥迪e-tron,2021款50quattro尊享型,64.88,北京德奥达奥迪,left_only
奥迪e-tron,2021款50quattro尊享型,64.88,北京兴奥晟通奥迪,left_only
奥迪e-tron,2021款50quattro尊享型,64.88,北京诚行万奥奥迪中心,left_only
奥迪e-tron,2021款50quattro尊享型,64.88,北京运通博奥,left_only
奥迪e-tron,2021款50quattro尊享型,64.88,北京奥之旅奥迪,left_only
奥迪e-tron,2021款50quattro尊享型,64.88,北京博瑞祥星奥迪,left_only
奥迪e-tron,2021款50quattro尊享型,64.88,北京博瑞祥云,left_only
奥迪e-tron,2021款50quattro尊享型,64.88,北京百得利奥迪中心,left_only
奥迪e-tron,2021款50quattro尊享型,64.88,北京国服信奥兴,both
奥迪e-tron,2021款50quattro尊享型,64.88,北京百得利海淀奥迪中心,both
奥迪e-tron,2021款50quattro尊享型,64.88,北京国服信奥众,both
奥迪e-tron,2021款50quattro尊享型,64.88,北京奥吉通国门奥迪中心,left_only
奥迪e-tron,2021款50quattro尊享型,64.88,北京华阳奥通,both
奔驰A级,2024款A180L,24.95,北京博瑞祥驰,left_only
奔驰A级,2024款A180L,24.95,北京波士通达奔驰,left_only
奔驰A级,2024款A180L,24.95,北京波士畅达奔驰,left_only
奔驰A级,2024款A180L,24.95,百得利之星奔驰,left_only
奔驰A级,2024款A180L,24.95,北京波士顺达,left_only
奔驰A级,2024款A180L,24.95,北京波士瑞达,left_only
奔驰A级,2024款A180L,24.95,北京星徽福瑞汽车销售服务有限公司,left_only
奔驰A级,2024款A180L,24.95,北京金冠奔驰,left_only
奔驰A级,2024款A180L,24.95,北京中升之星奔驰,left_only
奔驰A级,2024款A180L,24.95,北京鹏龙大道奔驰,left_only
奔驰A级,2024款A180L,24.95,潘家园奔驰鹏龙星徽,left_only
奔驰A级,2024款A180L,25.03,北京博瑞祥驰,both
奔驰A级,2024款A180L,25.03,北京波士通达奔驰,left_only
奔驰A级,2024款A180L,25.03,北京波士畅达奔驰,left_only
奔驰A级,2024款A180L,25.03,百得利之星奔驰,both
奔驰A级,2024款A180L,25.03,北京波士顺达,left_only
奔驰A级,2024款A180L,25.03,北京波士瑞达,left_only
奔驰A级,2024款A180L,25.03,北京星徽福瑞汽车销售服务有限公司,left_only
奔驰A级,2024款A180L,25.03,北京金冠奔驰,both
奔驰A级,2024款A180L,25.03,北京中升之星奔驰,both
奔驰A级,2024款A180L,25.03,北京鹏龙大道奔驰,both
奔驰A级,2024款A180L,25.03,潘家园奔驰鹏龙星徽,left_only
奔驰A级,2024款A200L动感型,26.08,北京博瑞祥驰,left_only
奔驰A级,2024款A200L动感型,26.08,北京波士通达奔驰,left_only
奔驰A级,2024款A200L动感型,26.08,北京波士畅达奔驰,left_only
奔驰A级,2024款A200L动感型,26.08,百得利之星奔驰,left_only
奔驰A级,2024款A200L动感型,26.08,北京波士顺达,left_only
奔驰A级,2024款A200L动感型,26.08,北京波士瑞达,left_only
奔驰A级,2024款A200L动感型,26.08,北京星徽福瑞汽车销售服务有限公司,left_only
奔驰A级,2024款A200L动感型,26.08,北京金冠奔驰,left_only
奔驰A级,2024款A200L动感型,26.08,北京中升之星奔驰,left_only
奔驰A级,2024款A200L动感型,26.08,北京鹏龙大道奔驰,left_only
奔驰A级,2024款A200L动感型,26.08,潘家园奔驰鹏龙星徽,left_only
奔驰A级,2024款A200L动感型,26.16,北京博瑞祥驰,both
奔驰A级,2024款A200L动感型,26.16,北京波士通达奔驰,left_only
奔驰A级,2024款A200L动感型,26.16,北京波士畅达奔驰,left_only
奔驰A级,2024款A200L动感型,26.16,百得利之星奔驰,both
奔驰A级,2024款A200L动感型,26.16,北京波士顺达,left_only
奔驰A级,2024款A200L动感型,26.16,北京波士瑞达,left_only
奔驰A级,2024款A200L动感型,26.16,北京星徽福瑞汽车销售服务有限公司,left_only
奔驰A级,2024款A200L动感型,26.16,北京金冠奔驰,both
奔驰A级,2024款A200L动感型,26.16,北京中升之星奔驰,both
奔驰A级,2024款A200L动感型,26.16,北京鹏龙大道奔驰,both
奔驰A级,2024款A200L动感型,26.16,潘家园奔驰鹏龙星徽,left_only
奔驰A级,2024款A200L时尚型,27.22,北京中升之星奔驰,left_only
奔驰A级,2024款A200L时尚型,27.22,北京博瑞祥驰,left_only
奔驰A级,2024款A200L时尚型,27.22,北京波士瑞达,left_only
奔驰A级,2024款A200L时尚型,27.22,北京鹏龙大道奔驰,left_only
奔驰A级,2024款A200L时尚型,27.22,北京波士通达奔驰,left_only
奔驰A级,2024款A200L时尚型,27.22,北京金冠奔驰,left_only
奔驰A级,2024款A200L时尚型,27.22,潘家园奔驰鹏龙星徽,left_only
奔驰A级,2024款A200L时尚型,27.22,北京波士畅达奔驰,left_only
奔驰A级,2024款A200L时尚型,27.22,北京波士顺达,left_only
奔驰A级,2024款A200L时尚型,27.22,百得利之星奔驰,left_only
奔驰A级,2024款A200L时尚型,27.22,北京星徽福瑞汽车销售服务有限公司,left_only
奔驰A级,2024款A200L时尚型,27.3,北京中升之星奔驰,both
奔驰A级,2024款A200L时尚型,27.3,北京星徽福瑞汽车销售服务有限公司,left_only
奔驰A级,2024款A200L时尚型,27.3,北京博瑞祥驰,both
奔驰A级,2024款A200L时尚型,27.3,北京波士瑞达,left_only
奔驰A级,2024款A200L时尚型,27.3,北京鹏龙大道奔驰,both
奔驰A级,2024款A200L时尚型,27.3,北京波士通达奔驰,left_only
奔驰A级,2024款A200L时尚型,27.3,北京金冠奔驰,both
奔驰A级,2024款A200L时尚型,27.3,潘家园奔驰鹏龙星徽,left_only
奔驰A级,2024款A200L时尚型,27.3,北京波士畅达奔驰,left_only
奔驰A级,2024款A200L时尚型,27.3,北京波士顺达,left_only
奔驰A级,2024款A200L时尚型,27.3,百得利之星奔驰,both
捷豹E-PACE,2024款青春运动型R-DYNAMIC,26.38,23年惠通陆华四惠亚洲旗舰店,left_only
捷豹E-PACE,2024款青春运动型R-DYNAMIC,26.38,北京运通兴捷,left_only
捷豹E-PACE,2024款青春运动型R-DYNAMIC,26.38,运通捷豹路虎卓越5S店,left_only
捷豹E-PACE,2024款青春运动型R-DYNAMIC,26.38,通州捷豹路虎旗舰店,left_only
捷豹E-PACE,2024款青春运动型R-DYNAMIC,26.38,18年兰德陆华皇冠店,left_only
捷豹E-PACE,2024款青春运动型R-DYNAMIC,26.38,北京燕英捷捷豹路虎金港赛道旗舰体验中心,left_only
捷豹E-PACE,2024款青春运动型R-DYNAMIC,26.38,北京长久世达,left_only
捷豹E-PACE,2024款青春运动型R-DYNAMIC,26.38,长久世捷西四环5S中心,both
捷豹E-PACE,2024款进取运动型R-DYNAMICS,28.8,23年惠通陆华四惠亚洲旗舰店,left_only
捷豹E-PACE,2024款进取运动型R-DYNAMICS,28.8,北京运通兴捷,left_only
捷豹E-PACE,2024款进取运动型R-DYNAMICS,28.8,运通捷豹路虎卓越5S店,left_only
捷豹E-PACE,2024款进取运动型R-DYNAMICS,28.8,通州捷豹路虎旗舰店,left_only
捷豹E-PACE,2024款进取运动型R-DYNAMICS,28.8,18年兰德陆华皇冠店,left_only
捷豹E-PACE,2024款进取运动型R-DYNAMICS,28.8,北京燕英捷捷豹路虎金港赛道旗舰体验中心,left_only
捷豹E-PACE,2024款进取运动型R-DYNAMICS,28.8,北京长久世达,left_only
捷豹E-PACE,2024款进取运动型R-DYNAMICS,28.8,长久世捷西四环5S中心,both
捷豹E-PACE,2024款耀黑运动型R-DYNAMICSEBLACK,32.1,23年惠通陆华四惠亚洲旗舰店,left_only
捷豹E-PACE,2024款耀黑运动型R-DYNAMICSEBLACK,32.1,北京运通兴捷,left_only
捷豹E-PACE,2024款耀黑运动型R-DYNAMICSEBLACK,32.1,运通捷豹路虎卓越5S店,left_only
捷豹E-PACE,2024款耀黑运动型R-DYNAMICSEBLACK,32.1,通州捷豹路虎旗舰店,left_only
捷豹E-PACE,2024款耀黑运动型R-DYNAMICSEBLACK,32.1,18年兰德陆华皇冠店,left_only
捷豹E-PACE,2024款耀黑运动型R-DYNAMICSEBLACK,32.1,北京燕英捷捷豹路虎金港赛道旗舰体验中心,left_only
捷豹E-PACE,2024款耀黑运动型R-DYNAMICSEBLACK,32.1,北京长久世达,left_only
捷豹E-PACE,2024款耀黑运动型R-DYNAMICSEBLACK,32.1,长久世捷西四环5S中心,both
宝马iX1,2023款eDrive25LX设计套装,29.99,北京中升宝晋未来科学城店,right_only
宝马iX1,2023款eDrive25LX设计套装,29.99,北京昌德宝宝马体验中心,right_only
宝马iX1,2023款eDrive25LX设计套装,29.99,北京星德宝宝马姚家园店,right_only
宝马iX1,2023款eDrive25LX设计套装,29.99,北京美宝行顺义城区店,right_only
宝马iX1,2023款eDrive25LX设计套装,29.99,石景山骏宝行宝马4S店,right_only
宝马iX1,2023款eDrive25LX设计套装,29.99,北京万宝航首都机场宝马店,right_only
宝马iX1,2023款eDrive25LX设计套装,29.99,北京汇宝行宝马体验中心,right_only
宝马iX1,2023款eDrive25LX设计套装,29.99,北京盈之宝望京领创灯塔店,right_only
宝马iX1,2023款eDrive25LX设计套装,29.99,北京华德宝宝马四惠店,right_only
宝马iX1,2023款eDrive25LX设计套装,29.99,北京京宝行,right_only
宝马iX1,2023款eDrive25LX设计套装,29.99,北京燕德宝,right_only
宝马iX1,2023款eDrive25LX设计套装,29.99,北京中升宝辉奥森店,right_only
宝马iX1,2023款eDrive25LX设计套装,29.99,北京博得宝宝马德胜门店,right_only
宝马iX1,2023款eDrive25LX设计套装,29.99,北京运通兴宝宝马,right_only
宝马iX1,2023款eDrive25LX设计套装,29.99,北京宝信行宝马朝阳公园店,right_only
宝马iX1,2023款eDrive25LX设计套装,29.99,北京宝泽行宝马丽泽商圈店,right_only
宝马iX1,2023款eDrive25LX设计套装,29.99,北京正通宝泽通州店,right_only
宝马iX1,2023款eDrive25LX设计套装,29.99,北京博瑞宝宝马永定门店,right_only
宝马iX1,2023款eDrive25LX设计套装,29.99,北京运通晟宝 亦庄新城店,right_only
宝马iX1,2023款eDrive25LX设计套装,29.99,北京宝诚百旺,right_only
宝马iX1,2023款eDrive25LX设计套装,29.99,宝马大客户中心北京晨德宝,right_only
宝马iX1,2023款eDrive25LX设计套装,29.99,北京运通嘉宝宝马体验中心,right_only
宝马iX1,2023款eDrive25LM运动套装,29.99,北京中升宝晋未来科学城店,right_only
宝马iX1,2023款eDrive25LM运动套装,29.99,北京昌德宝宝马体验中心,right_only
宝马iX1,2023款eDrive25LM运动套装,29.99,北京星德宝宝马姚家园店,right_only
宝马iX1,2023款eDrive25LM运动套装,29.99,北京美宝行顺义城区店,right_only
宝马iX1,2023款eDrive25LM运动套装,29.99,石景山骏宝行宝马4S店,right_only
宝马iX1,2023款eDrive25LM运动套装,29.99,北京万宝航首都机场宝马店,right_only
宝马iX1,2023款eDrive25LM运动套装,29.99,北京汇宝行宝马体验中心,right_only
宝马iX1,2023款eDrive25LM运动套装,29.99,北京盈之宝望京领创灯塔店,right_only
宝马iX1,2023款eDrive25LM运动套装,29.99,北京华德宝宝马四惠店,right_only
宝马iX1,2023款eDrive25LM运动套装,29.99,北京京宝行,right_only
宝马iX1,2023款eDrive25LM运动套装,29.99,北京燕德宝,right_only
宝马iX1,2023款eDrive25LM运动套装,29.99,北京中升宝辉奥森店,right_only
宝马iX1,2023款eDrive25LM运动套装,29.99,北京博得宝宝马德胜门店,right_only
宝马iX1,2023款eDrive25LM运动套装,29.99,北京运通兴宝宝马,right_only
宝马iX1,2023款eDrive25LM运动套装,29.99,北京宝信行宝马朝阳公园店,right_only
宝马iX1,2023款eDrive25LM运动套装,29.99,北京宝泽行宝马丽泽商圈店,right_only
宝马iX1,2023款eDrive25LM运动套装,29.99,北京正通宝泽通州店,right_only
宝马iX1,2023款eDrive25LM运动套装,29.99,北京博瑞宝宝马永定门店,right_only
宝马iX1,2023款eDrive25LM运动套装,29.99,北京运通晟宝 亦庄新城店,right_only
宝马iX1,2023款eDrive25LM运动套装,29.99,北京宝诚百旺,right_only
宝马iX1,2023款eDrive25LM运动套装,29.99,宝马大客户中心北京晨德宝,right_only
宝马iX1,2023款eDrive25LM运动套装,29.99,北京运通嘉宝宝马体验中心,right_only
宝马iX1,2023款xDrive30LX设计套装,33.99,北京昌德宝宝马体验中心,right_only
宝马iX1,2023款xDrive30LX设计套装,33.99,北京星德宝宝马姚家园店,right_only
宝马iX1,2023款xDrive30LX设计套装,33.99,石景山骏宝行宝马4S店,right_only
宝马iX1,2023款xDrive30LX设计套装,33.99,北京万宝航首都机场宝马店,right_only
宝马iX1,2023款xDrive30LX设计套装,33.99,北京汇宝行宝马体验中心,right_only
宝马iX1,2023款xDrive30LX设计套装,33.99,北京盈之宝望京领创灯塔店,right_only
宝马iX1,2023款xDrive30LX设计套装,33.99,北京燕德宝,right_only
宝马iX1,2023款xDrive30LX设计套装,33.99,北京运通兴宝宝马,right_only
宝马iX1,2023款xDrive30LX设计套装,33.99,北京宝信行宝马朝阳公园店,right_only
宝马iX1,2023款xDrive30LX设计套装,33.99,北京宝泽行宝马丽泽商圈店,right_only
宝马iX1,2023款xDrive30LX设计套装,33.99,北京正通宝泽通州店,right_only
宝马iX1,2023款xDrive30LX设计套装,33.99,宝马大客户中心北京晨德宝,right_only
宝马iX1,2023款xDrive30LX设计套装,33.99,北京运通嘉宝宝马体验中心,right_only
宝马iX1,2023款xDrive30LM运动套装,33.99,北京昌德宝宝马体验中心,right_only
宝马iX1,2023款xDrive30LM运动套装,33.99,北京星德宝宝马姚家园店,right_only
宝马iX1,2023款xDrive30LM运动套装,33.99,石景山骏宝行宝马4S店,right_only
宝马iX1,2023款xDrive30LM运动套装,33.99,北京万宝航首都机场宝马店,right_only
宝马iX1,2023款xDrive30LM运动套装,33.99,北京汇宝行宝马体验中心,right_only
宝马iX1,2023款xDrive30LM运动套装,33.99,北京盈之宝望京领创灯塔店,right_only
宝马iX1,2023款xDrive30LM运动套装,33.99,北京燕德宝,right_only
宝马iX1,2023款xDrive30LM运动套装,33.99,北京运通兴宝宝马,right_only
宝马iX1,2023款xDrive30LM运动套装,33.99,北京宝信行宝马朝阳公园店,right_only
宝马iX1,2023款xDrive30LM运动套装,33.99,北京宝泽行宝马丽泽商圈店,right_only
宝马iX1,2023款xDrive30LM运动套装,33.99,北京正通宝泽通州店,right_only
宝马iX1,2023款xDrive30LM运动套装,33.99,宝马大客户中心北京晨德宝,right_only
宝马iX1,2023款xDrive30LM运动套装,33.99,北京运通嘉宝宝马体验中心,right_only
奔驰EQS,2023款450+先锋型,88.1,百得利之星奔驰,right_only
奔驰EQS,2023款450+先锋型,88.1,北京波士通达,right_only
奔驰EQS,2023款450+先锋型,88.1,北京利星行平治,right_only
奔驰EQS,2023款450+先锋型,88.1,北京中升之星奔驰,right_only
奔驰EQS,2023款450+先锋型,88.1,北京亚奥之星,right_only
奔驰EQS,2023款450+先锋型,88.1,北京鹏龙大道奔驰,right_only
奔驰EQS,2023款450+先锋型,88.1,利星行之星北京,right_only
奔驰EQS,2023款450+先锋型,88.1,奔驰北京波士瑞达,right_only
奔驰EQS,2023款450+先锋型,88.1,北京博瑞祥驰,right_only
奔驰EQS,2023款450+先锋型,88.1,北京波士畅达,right_only
奔驰EQS,2023款450+先锋型,88.1,北京之星汽车,right_only
奔驰EQS,2023款450+先锋型,88.1,北京波士诚达奔驰,right_only
奔驰EQS,2023款450+先锋型,88.1,利星行南法信奔驰,right_only
奔驰EQS,2023款450+先锋型,88.1,利星行北京花乡桥店,right_only
奔驰EQS,2023款450+先锋型,88.1,北京波士福达,right_only
奔驰EQS,2023款450+先锋型,88.1,利星行天竺之星,right_only
奔驰EQS,2023款450+先锋型,88.1,奔驰北京波士顺达,right_only
奔驰EQS,2023款450+豪华型,99.2,百得利之星奔驰,right_only
奔驰EQS,2023款450+豪华型,99.2,北京波士通达,right_only
奔驰EQS,2023款450+豪华型,99.2,北京利星行平治,right_only
奔驰EQS,2023款450+豪华型,99.2,北京中升之星奔驰,right_only
奔驰EQS,2023款450+豪华型,99.2,北京亚奥之星,right_only
奔驰EQS,2023款450+豪华型,99.2,北京鹏龙大道奔驰,right_only
奔驰EQS,2023款450+豪华型,99.2,利星行之星北京,right_only
奔驰EQS,2023款450+豪华型,99.2,奔驰北京波士瑞达,right_only
奔驰EQS,2023款450+豪华型,99.2,北京博瑞祥驰,right_only
奔驰EQS,2023款450+豪华型,99.2,北京波士畅达,right_only
奔驰EQS,2023款450+豪华型,99.2,北京之星汽车,right_only
奔驰EQS,2023款450+豪华型,99.2,北京波士诚达奔驰,right_only
奔驰EQS,2023款450+豪华型,99.2,利星行南法信奔驰,right_only
奔驰EQS,2023款450+豪华型,99.2,利星行北京花乡桥店,right_only
奔驰EQS,2023款450+豪华型,99.2,北京波士福达,right_only
奔驰EQS,2023款450+豪华型,99.2,利星行天竺之星,right_only
奔驰EQS,2023款450+豪华型,99.2,奔驰北京波士顺达,right_only
奔驰EQS,2023款5804MATIC,133.9,百得利之星奔驰,right_only
奔驰EQS,2023款5804MATIC,133.9,北京波士通达,right_only
奔驰EQS,2023款5804MATIC,133.9,北京利星行平治,right_only
奔驰EQS,2023款5804MATIC,133.9,北京中升之星奔驰,right_only
奔驰EQS,2023款5804MATIC,133.9,北京亚奥之星,right_only
奔驰EQS,2023款5804MATIC,133.9,北京鹏龙大道奔驰,right_only
奔驰EQS,2023款5804MATIC,133.9,利星行之星北京,right_only
奔驰EQS,2023款5804MATIC,133.9,奔驰北京波士瑞达,right_only
奔驰EQS,2023款5804MATIC,133.9,北京博瑞祥驰,right_only
奔驰EQS,2023款5804MATIC,133.9,北京波士畅达,right_only
奔驰EQS,2023款5804MATIC,133.9,北京之星汽车,right_only
奔驰EQS,2023款5804MATIC,133.9,北京波士诚达奔驰,right_only
奔驰EQS,2023款5804MATIC,133.9,利星行南法信奔驰,right_only
奔驰EQS,2023款5804MATIC,133.9,利星行北京花乡桥店,right_only
奔驰EQS,2023款5804MATIC,133.9,北京波士福达,right_only
奔驰EQS,2023款5804MATIC,133.9,利星行天竺之星,right_only
奔驰EQS,2023款5804MATIC,133.9,奔驰北京波士顺达,right_only
奔驰EQA,2023款EQA260,32.2,奔驰北京运通兴驰,right_only
奔驰EQA,2023款EQA260,32.2,北京波士通达,right_only
奔驰EQA,2023款EQA260,32.2,北京利星行平治,right_only
奔驰EQA,2023款EQA260,32.2,北京亚奥之星,right_only
奔驰EQA,2023款EQA260,32.2,北京星徽福瑞奔驰,right_only
奔驰EQA,2023款EQA260,32.2,利星行之星北京,right_only
奔驰EQA,2023款EQA260,32.2,奔驰北京波士瑞达,right_only
奔驰EQA,2023款EQA260,32.2,北京波士畅达,right_only
奔驰EQA,2023款EQA260,32.2,北京之星汽车,right_only
奔驰EQA,2023款EQA260,32.2,北京波士诚达奔驰,right_only
奔驰EQA,2023款EQA260,32.2,利星行南法信奔驰,right_only
奔驰EQA,2023款EQA260,32.2,利星行北京花乡桥店,right_only
奔驰EQA,2023款EQA260,32.2,北京波士福达,right_only
奔驰EQA,2023款EQA260,32.2,利星行天竺之星,right_only
奔驰EQA,2023款EQA260,32.2,奔驰北京波士顺达,right_only
揽胜极光新能源,2023款极光LP300e插电式电动混合型,41.58,捷豹路虎北京德万隆店,right_only
揽胜极光新能源,2023款极光LP300e插电式电动混合型,41.58,兴捷捷豹路虎大兴补贴店,right_only
揽胜极光新能源,2023款极光LP300e插电式电动混合型,41.58,长久世达,right_only
揽胜极光新能源,2023款极光LP300e插电式电动混合型,41.58,惠通陆华捷豹路虎体验中心,right_only
揽胜极光新能源,2023款极光LP300e插电式电动混合型,41.58,兰德陆华全新标准5S店,right_only
揽胜极光新能源,2023款极光LP300e插电式电动混合型,41.58,北京中进捷旺,right_only
揽胜极光新能源,2023款极光LP300e插电式电动混合型,41.58,运通捷豹路虎全新5S店,right_only
揽胜极光新能源,2023款极光LP300e插电式电动混合型,41.58,北京燕英捷金港体验中心,right_only
发现运动版新能源,2024款P300e插电式电动混合型,40.98,捷豹路虎北京德万隆店,right_only
发现运动版新能源,2024款P300e插电式电动混合型,40.98,兴捷捷豹路虎大兴补贴店,right_only
发现运动版新能源,2024款P300e插电式电动混合型,40.98,长久世达,right_only
发现运动版新能源,2024款P300e插电式电动混合型,40.98,惠通陆华捷豹路虎体验中心,right_only
发现运动版新能源,2024款P300e插电式电动混合型,40.98,兰德陆华全新标准5S店,right_only
发现运动版新能源,2024款P300e插电式电动混合型,40.98,北京中进捷旺,right_only
发现运动版新能源,2024款P300e插电式电动混合型,40.98,运通捷豹路虎全新5S店,right_only
发现运动版新能源,2024款P300e插电式电动混合型,40.98,北京燕英捷金港体验中心,right_only
奔驰EQB,2024款EQB260,35.2,奔驰北京运通兴驰,right_only
奔驰EQB,2024款EQB260,35.2,百得利之星奔驰,right_only
奔驰EQB,2024款EQB260,35.2,北京波士通达,right_only
奔驰EQB,2024款EQB260,35.2,北京利星行平治,right_only
奔驰EQB,2024款EQB260,35.2,北京中升之星奔驰,right_only
奔驰EQB,2024款EQB260,35.2,北京亚奥之星,right_only
奔驰EQB,2024款EQB260,35.2,北京鹏龙大道奔驰,right_only
奔驰EQB,2024款EQB260,35.2,北京星徽福瑞奔驰,right_only
奔驰EQB,2024款EQB260,35.2,利星行之星北京,right_only
奔驰EQB,2024款EQB260,35.2,奔驰北京波士瑞达,right_only
奔驰EQB,2024款EQB260,35.2,北京博瑞祥驰,right_only
奔驰EQB,2024款EQB260,35.2,北京波士畅达,right_only
奔驰EQB,2024款EQB260,35.2,北京之星汽车,right_only
奔驰EQB,2024款EQB260,35.2,北京波士诚达奔驰,right_only
奔驰EQB,2024款EQB260,35.2,利星行南法信奔驰,right_only
奔驰EQB,2024款EQB260,35.2,利星行北京花乡桥店,right_only
奔驰EQB,2024款EQB260,35.2,北京波士福达,right_only
奔驰EQB,2024款EQB260,35.2,利星行天竺之星,right_only
奔驰EQB,2024款EQB260,35.2,奔驰北京波士顺达,right_only
奔驰EQB,2024款EQB3504MATIC,42.8,奔驰北京运通兴驰,right_only
奔驰EQB,2024款EQB3504MATIC,42.8,百得利之星奔驰,right_only
奔驰EQB,2024款EQB3504MATIC,42.8,北京波士通达,right_only
奔驰EQB,2024款EQB3504MATIC,42.8,北京利星行平治,right_only
奔驰EQB,2024款EQB3504MATIC,42.8,北京中升之星奔驰,right_only
奔驰EQB,2024款EQB3504MATIC,42.8,北京亚奥之星,right_only
奔驰EQB,2024款EQB3504MATIC,42.8,北京鹏龙大道奔驰,right_only
奔驰EQB,2024款EQB3504MATIC,42.8,北京星徽福瑞奔驰,right_only
奔驰EQB,2024款EQB3504MATIC,42.8,利星行之星北京,right_only
奔驰EQB,2024款EQB3504MATIC,42.8,奔驰北京波士瑞达,right_only
奔驰EQB,2024款EQB3504MATIC,42.8,北京博瑞祥驰,right_only
奔驰EQB,2024款EQB3504MATIC,42.8,北京波士畅达,right_only
奔驰EQB,2024款EQB3504MATIC,42.8,北京之星汽车,right_only
奔驰EQB,2024款EQB3504MATIC,42.8,北京波士诚达奔驰,right_only
奔驰EQB,2024款EQB3504MATIC,42.8,利星行南法信奔驰,right_only
奔驰EQB,2024款EQB3504MATIC,42.8,利星行北京花乡桥店,right_only
奔驰EQB,2024款EQB3504MATIC,42.8,北京波士福达,right_only
奔驰EQB,2024款EQB3504MATIC,42.8,利星行天竺之星,right_only
奔驰EQB,2024款EQB3504MATIC,42.8,奔驰北京波士顺达,right_only
奔驰EQB,2023款EQB260,35.2,奔驰北京运通兴驰,right_only
奔驰EQB,2023款EQB260,35.2,北京波士通达,right_only
奔驰EQB,2023款EQB260,35.2,北京利星行平治,right_only
奔驰EQB,2023款EQB260,35.2,北京亚奥之星,right_only
奔驰EQB,2023款EQB260,35.2,北京星徽福瑞奔驰,right_only
奔驰EQB,2023款EQB260,35.2,利星行之星北京,right_only
奔驰EQB,2023款EQB260,35.2,奔驰北京波士瑞达,right_only
奔驰EQB,2023款EQB260,35.2,北京波士畅达,right_only
奔驰EQB,2023款EQB260,35.2,北京之星汽车,right_only
奔驰EQB,2023款EQB260,35.2,北京波士诚达奔驰,right_only
奔驰EQB,2023款EQB260,35.2,利星行南法信奔驰,right_only
奔驰EQB,2023款EQB260,35.2,利星行北京花乡桥店,right_only
奔驰EQB,2023款EQB260,35.2,北京波士福达,right_only
奔驰EQB,2023款EQB260,35.2,利星行天竺之星,right_only
奔驰EQB,2023款EQB260,35.2,奔驰北京波士顺达,right_only
奔驰EQB,2023款EQB3504MATIC,42.8,奔驰北京运通兴驰,right_only
奔驰EQB,2023款EQB3504MATIC,42.8,北京波士通达,right_only
奔驰EQB,2023款EQB3504MATIC,42.8,北京利星行平治,right_only
奔驰EQB,2023款EQB3504MATIC,42.8,北京亚奥之星,right_only
奔驰EQB,2023款EQB3504MATIC,42.8,北京星徽福瑞奔驰,right_only
奔驰EQB,2023款EQB3504MATIC,42.8,利星行之星北京,right_only
奔驰EQB,2023款EQB3504MATIC,42.8,奔驰北京波士瑞达,right_only
奔驰EQB,2023款EQB3504MATIC,42.8,北京波士畅达,right_only
奔驰EQB,2023款EQB3504MATIC,42.8,北京之星汽车,right_only
奔驰EQB,2023款EQB3504MATIC,42.8,北京波士诚达奔驰,right_only
奔驰EQB,2023款EQB3504MATIC,42.8,利星行南法信奔驰,right_only
奔驰EQB,2023款EQB3504MATIC,42.8,利星行北京花乡桥店,right_only
奔驰EQB,2023款EQB3504MATIC,42.8,北京波士福达,right_only
奔驰EQB,2023款EQB3504MATIC,42.8,利星行天竺之星,right_only
奔驰EQB,2023款EQB3504MATIC,42.8,奔驰北京波士顺达,right_only
宝马i3,2024款eDrive35L,35.39,北京中升宝晋未来科学城店,right_only
宝马i3,2024款eDrive35L,35.39,北京昌德宝宝马体验中心,right_only
宝马i3,2024款eDrive35L,35.39,北京星德宝宝马姚家园店,right_only
宝马i3,2024款eDrive35L,35.39,北京美宝行顺义城区店,right_only
宝马i3,2024款eDrive35L,35.39,石景山骏宝行宝马4S店,right_only
宝马i3,2024款eDrive35L,35.39,北京万宝航首都机场宝马店,right_only
宝马i3,2024款eDrive35L,35.39,北京汇宝行宝马体验中心,right_only
宝马i3,2024款eDrive35L,35.39,北京盈之宝望京领创灯塔店,right_only
宝马i3,2024款eDrive35L,35.39,北京华德宝宝马四惠店,right_only
宝马i3,2024款eDrive35L,35.39,北京京宝行,right_only
宝马i3,2024款eDrive35L,35.39,北京燕德宝,right_only
宝马i3,2024款eDrive35L,35.39,北京中升宝辉奥森店,right_only
宝马i3,2024款eDrive35L,35.39,北京博得宝宝马德胜门店,right_only
宝马i3,2024款eDrive35L,35.39,北京运通兴宝宝马,right_only
宝马i3,2024款eDrive35L,35.39,北京宝信行宝马朝阳公园店,right_only
宝马i3,2024款eDrive35L,35.39,北京宝泽行宝马丽泽商圈店,right_only
宝马i3,2024款eDrive35L,35.39,北京正通宝泽通州店,right_only
宝马i3,2024款eDrive35L,35.39,北京博瑞宝宝马永定门店,right_only
宝马i3,2024款eDrive35L,35.39,北京运通晟宝 亦庄新城店,right_only
宝马i3,2024款eDrive35L,35.39,北京宝诚百旺,right_only
宝马i3,2024款eDrive35L,35.39,宝马大客户中心北京晨德宝,right_only
宝马i3,2024款eDrive35L,35.39,北京运通嘉宝宝马体验中心,right_only
宝马i3,2024款eDrive40L曜夜套装,38.39,北京中升宝晋未来科学城店,right_only
宝马i3,2024款eDrive40L曜夜套装,38.39,北京昌德宝宝马体验中心,right_only
宝马i3,2024款eDrive40L曜夜套装,38.39,北京星德宝宝马姚家园店,right_only
宝马i3,2024款eDrive40L曜夜套装,38.39,北京美宝行顺义城区店,right_only
宝马i3,2024款eDrive40L曜夜套装,38.39,石景山骏宝行宝马4S店,right_only
宝马i3,2024款eDrive40L曜夜套装,38.39,北京万宝航首都机场宝马店,right_only
宝马i3,2024款eDrive40L曜夜套装,38.39,北京汇宝行宝马体验中心,right_only
宝马i3,2024款eDrive40L曜夜套装,38.39,北京盈之宝望京领创灯塔店,right_only
宝马i3,2024款eDrive40L曜夜套装,38.39,北京华德宝宝马四惠店,right_only
宝马i3,2024款eDrive40L曜夜套装,38.39,北京京宝行,right_only
宝马i3,2024款eDrive40L曜夜套装,38.39,北京燕德宝,right_only
宝马i3,2024款eDrive40L曜夜套装,38.39,北京中升宝辉奥森店,right_only
宝马i3,2024款eDrive40L曜夜套装,38.39,北京博得宝宝马德胜门店,right_only
宝马i3,2024款eDrive40L曜夜套装,38.39,北京运通兴宝宝马,right_only
宝马i3,2024款eDrive40L曜夜套装,38.39,北京宝信行宝马朝阳公园店,right_only
宝马i3,2024款eDrive40L曜夜套装,38.39,北京宝泽行宝马丽泽商圈店,right_only
宝马i3,2024款eDrive40L曜夜套装,38.39,北京正通宝泽通州店,right_only
宝马i3,2024款eDrive40L曜夜套装,38.39,北京博瑞宝宝马永定门店,right_only
宝马i3,2024款eDrive40L曜夜套装,38.39,北京运通晟宝 亦庄新城店,right_only
宝马i3,2024款eDrive40L曜夜套装,38.39,北京宝诚百旺,right_only
宝马i3,2024款eDrive40L曜夜套装,38.39,宝马大客户中心北京晨德宝,right_only
宝马i3,2024款eDrive40L曜夜套装,38.39,北京运通嘉宝宝马体验中心,right_only
宝马i3,2024款eDrive40L曜夜运动套装,41.39,北京中升宝晋未来科学城店,right_only
宝马i3,2024款eDrive40L曜夜运动套装,41.39,北京昌德宝宝马体验中心,right_only
宝马i3,2024款eDrive40L曜夜运动套装,41.39,北京星德宝宝马姚家园店,right_only
宝马i3,2024款eDrive40L曜夜运动套装,41.39,北京美宝行顺义城区店,right_only
宝马i3,2024款eDrive40L曜夜运动套装,41.39,石景山骏宝行宝马4S店,right_only
宝马i3,2024款eDrive40L曜夜运动套装,41.39,北京万宝航首都机场宝马店,right_only
宝马i3,2024款eDrive40L曜夜运动套装,41.39,北京汇宝行宝马体验中心,right_only
宝马i3,2024款eDrive40L曜夜运动套装,41.39,北京盈之宝望京领创灯塔店,right_only
宝马i3,2024款eDrive40L曜夜运动套装,41.39,北京华德宝宝马四惠店,right_only
宝马i3,2024款eDrive40L曜夜运动套装,41.39,北京京宝行,right_only
宝马i3,2024款eDrive40L曜夜运动套装,41.39,北京燕德宝,right_only
宝马i3,2024款eDrive40L曜夜运动套装,41.39,北京中升宝辉奥森店,right_only
宝马i3,2024款eDrive40L曜夜运动套装,41.39,北京博得宝宝马德胜门店,right_only
宝马i3,2024款eDrive40L曜夜运动套装,41.39,北京运通兴宝宝马,right_only
宝马i3,2024款eDrive40L曜夜运动套装,41.39,北京宝信行宝马朝阳公园店,right_only
宝马i3,2024款eDrive40L曜夜运动套装,41.39,北京宝泽行宝马丽泽商圈店,right_only
宝马i3,2024款eDrive40L曜夜运动套装,41.39,北京正通宝泽通州店,right_only
宝马i3,2024款eDrive40L曜夜运动套装,41.39,北京博瑞宝宝马永定门店,right_only
宝马i3,2024款eDrive40L曜夜运动套装,41.39,北京运通晟宝 亦庄新城店,right_only
宝马i3,2024款eDrive40L曜夜运动套装,41.39,北京宝诚百旺,right_only
宝马i3,2024款eDrive40L曜夜运动套装,41.39,宝马大客户中心北京晨德宝,right_only
宝马i3,2024款eDrive40L曜夜运动套装,41.39,北京运通嘉宝宝马体验中心,right_only
宝马iX3,2024款领先型,40.5,北京中升宝晋未来科学城店,right_only
宝马iX3,2024款领先型,40.5,北京昌德宝宝马体验中心,right_only
宝马iX3,2024款领先型,40.5,北京星德宝宝马姚家园店,right_only
宝马iX3,2024款领先型,40.5,北京美宝行顺义城区店,right_only
宝马iX3,2024款领先型,40.5,石景山骏宝行宝马4S店,right_only
宝马iX3,2024款领先型,40.5,北京万宝航首都机场宝马店,right_only
宝马iX3,2024款领先型,40.5,北京汇宝行宝马体验中心,right_only
宝马iX3,2024款领先型,40.5,北京盈之宝望京领创灯塔店,right_only
宝马iX3,2024款领先型,40.5,北京华德宝宝马四惠店,right_only
宝马iX3,2024款领先型,40.5,北京京宝行,right_only
宝马iX3,2024款领先型,40.5,北京燕德宝,right_only
宝马iX3,2024款领先型,40.5,北京中升宝辉奥森店,right_only
宝马iX3,2024款领先型,40.5,北京博得宝宝马德胜门店,right_only
宝马iX3,2024款领先型,40.5,北京运通兴宝宝马,right_only
宝马iX3,2024款领先型,40.5,北京宝信行宝马朝阳公园店,right_only
宝马iX3,2024款领先型,40.5,北京宝泽行宝马丽泽商圈店,right_only
宝马iX3,2024款领先型,40.5,北京正通宝泽通州店,right_only
宝马iX3,2024款领先型,40.5,北京博瑞宝宝马永定门店,right_only
宝马iX3,2024款领先型,40.5,北京运通晟宝 亦庄新城店,right_only
宝马iX3,2024款领先型,40.5,北京宝诚百旺,right_only
宝马iX3,2024款领先型,40.5,宝马大客户中心北京晨德宝,right_only
宝马iX3,2024款领先型,40.5,北京运通嘉宝宝马体验中心,right_only
宝马iX3,2024款创领型,44.5,北京中升宝晋未来科学城店,right_only
宝马iX3,2024款创领型,44.5,北京昌德宝宝马体验中心,right_only
宝马iX3,2024款创领型,44.5,北京星德宝宝马姚家园店,right_only
宝马iX3,2024款创领型,44.5,北京美宝行顺义城区店,right_only
宝马iX3,2024款创领型,44.5,石景山骏宝行宝马4S店,right_only
宝马iX3,2024款创领型,44.5,北京万宝航首都机场宝马店,right_only
宝马iX3,2024款创领型,44.5,北京汇宝行宝马体验中心,right_only
宝马iX3,2024款创领型,44.5,北京盈之宝望京领创灯塔店,right_only
宝马iX3,2024款创领型,44.5,北京华德宝宝马四惠店,right_only
宝马iX3,2024款创领型,44.5,北京京宝行,right_only
宝马iX3,2024款创领型,44.5,北京燕德宝,right_only
宝马iX3,2024款创领型,44.5,北京中升宝辉奥森店,right_only
宝马iX3,2024款创领型,44.5,北京博得宝宝马德胜门店,right_only
宝马iX3,2024款创领型,44.5,北京运通兴宝宝马,right_only
宝马iX3,2024款创领型,44.5,北京宝信行宝马朝阳公园店,right_only
宝马iX3,2024款创领型,44.5,北京宝泽行宝马丽泽商圈店,right_only
宝马iX3,2024款创领型,44.5,北京正通宝泽通州店,right_only
宝马iX3,2024款创领型,44.5,北京博瑞宝宝马永定门店,right_only
宝马iX3,2024款创领型,44.5,北京运通晟宝 亦庄新城店,right_only
宝马iX3,2024款创领型,44.5,北京宝诚百旺,right_only
宝马iX3,2024款创领型,44.5,宝马大客户中心北京晨德宝,right_only
宝马iX3,2024款创领型,44.5,北京运通嘉宝宝马体验中心,right_only
宝马iX3,2023款领先型,40.5,北京昌德宝宝马体验中心,right_only
宝马iX3,2023款领先型,40.5,北京星德宝宝马姚家园店,right_only
宝马iX3,2023款领先型,40.5,石景山骏宝行宝马4S店,right_only
宝马iX3,2023款领先型,40.5,北京万宝航首都机场宝马店,right_only
宝马iX3,2023款领先型,40.5,北京汇宝行宝马体验中心,right_only
宝马iX3,2023款领先型,40.5,北京盈之宝望京领创灯塔店,right_only
宝马iX3,2023款领先型,40.5,北京燕德宝,right_only
宝马iX3,2023款领先型,40.5,北京运通兴宝宝马,right_only
宝马iX3,2023款领先型,40.5,北京宝信行宝马朝阳公园店,right_only
宝马iX3,2023款领先型,40.5,北京宝泽行宝马丽泽商圈店,right_only
宝马iX3,2023款领先型,40.5,北京正通宝泽通州店,right_only
宝马iX3,2023款领先型,40.5,宝马大客户中心北京晨德宝,right_only
宝马iX3,2023款领先型,40.5,北京运通嘉宝宝马体验中心,right_only
宝马iX3,2023款创领型,44.5,北京昌德宝宝马体验中心,right_only
宝马iX3,2023款创领型,44.5,北京星德宝宝马姚家园店,right_only
宝马iX3,2023款创领型,44.5,石景山骏宝行宝马4S店,right_only
宝马iX3,2023款创领型,44.5,北京万宝航首都机场宝马店,right_only
宝马iX3,2023款创领型,44.5,北京汇宝行宝马体验中心,right_only
宝马iX3,2023款创领型,44.5,北京盈之宝望京领创灯塔店,right_only
宝马iX3,2023款创领型,44.5,北京燕德宝,right_only
宝马iX3,2023款创领型,44.5,北京运通兴宝宝马,right_only
宝马iX3,2023款创领型,44.5,北京宝信行宝马朝阳公园店,right_only
宝马iX3,2023款创领型,44.5,北京宝泽行宝马丽泽商圈店,right_only
宝马iX3,2023款创领型,44.5,北京正通宝泽通州店,right_only
宝马iX3,2023款创领型,44.5,宝马大客户中心北京晨德宝,right_only
宝马iX3,2023款创领型,44.5,北京运通嘉宝宝马体验中心,right_only
奔驰EQC,2022款EQC3504MATIC,49.19,北京利星行平治,right_only
奔驰EQC,2022款EQC3504MATIC,49.19,北京亚奥之星,right_only
奔驰EQC,2022款EQC3504MATIC,49.19,利星行之星北京,right_only
奔驰EQC,2022款EQC3504MATIC,49.19,奔驰北京波士瑞达,right_only
奔驰EQC,2022款EQC3504MATIC,49.19,北京波士畅达,right_only
奔驰EQC,2022款EQC3504MATIC,49.19,北京之星汽车,right_only
奔驰EQC,2022款EQC3504MATIC,49.19,北京波士诚达奔驰,right_only
奔驰EQC,2022款EQC3504MATIC,49.19,利星行南法信奔驰,right_only
奔驰EQC,2022款EQC3504MATIC,49.19,利星行北京花乡桥店,right_only
奔驰EQC,2022款EQC3504MATIC,49.19,北京波士福达,right_only
奔驰EQC,2022款EQC3504MATIC,49.19,利星行天竺之星,right_only
奔驰EQC,2022款EQC3504MATIC,49.19,奔驰北京波士顺达,right_only
奔驰EQC,2022款EQC3504MATIC特别型,50.19,北京利星行平治,right_only
奔驰EQC,2022款EQC3504MATIC特别型,50.19,北京亚奥之星,right_only
奔驰EQC,2022款EQC3504MATIC特别型,50.19,利星行之星北京,right_only
奔驰EQC,2022款EQC3504MATIC特别型,50.19,奔驰北京波士瑞达,right_only
奔驰EQC,2022款EQC3504MATIC特别型,50.19,北京波士畅达,right_only
奔驰EQC,2022款EQC3504MATIC特别型,50.19,北京之星汽车,right_only
奔驰EQC,2022款EQC3504MATIC特别型,50.19,北京波士诚达奔驰,right_only
奔驰EQC,2022款EQC3504MATIC特别型,50.19,利星行南法信奔驰,right_only
奔驰EQC,2022款EQC3504MATIC特别型,50.19,利星行北京花乡桥店,right_only
奔驰EQC,2022款EQC3504MATIC特别型,50.19,北京波士福达,right_only
奔驰EQC,2022款EQC3504MATIC特别型,50.19,利星行天竺之星,right_only
奔驰EQC,2022款EQC3504MATIC特别型,50.19,奔驰北京波士顺达,right_only
奔驰EQC,2022款EQC4004MATIC,57.19,北京利星行平治,right_only
奔驰EQC,2022款EQC4004MATIC,57.19,北京亚奥之星,right_only
奔驰EQC,2022款EQC4004MATIC,57.19,利星行之星北京,right_only
奔驰EQC,2022款EQC4004MATIC,57.19,奔驰北京波士瑞达,right_only
奔驰EQC,2022款EQC4004MATIC,57.19,北京波士畅达,right_only
奔驰EQC,2022款EQC4004MATIC,57.19,北京之星汽车,right_only
奔驰EQC,2022款EQC4004MATIC,57.19,北京波士诚达奔驰,right_only
奔驰EQC,2022款EQC4004MATIC,57.19,利星行南法信奔驰,right_only
奔驰EQC,2022款EQC4004MATIC,57.19,利星行北京花乡桥店,right_only
奔驰EQC,2022款EQC4004MATIC,57.19,北京波士福达,right_only
奔驰EQC,2022款EQC4004MATIC,57.19,利星行天竺之星,right_only
奔驰EQC,2022款EQC4004MATIC,57.19,奔驰北京波士顺达,right_only
奥迪e-tron,2021款50quattro豪华型,54.68,奥之旅奥迪中心,right_only
奥迪e-tron,2021款50quattro豪华型,54.68,北京德奥达,right_only
奥迪e-tron,2021款50quattro豪华型,54.68,北京诚行万奥,right_only
奥迪e-tron,2021款50quattro豪华型,54.68,北京奥吉通国门机场新建店,right_only
奥迪e-tron,2021款50quattro豪华型,54.68,百得利奥迪中心,right_only
奥迪e-tron,2021款50quattro豪华型,54.68,安洋伟业西南五环,right_only
奥迪e-tron,2021款50quattro豪华型,54.68,北京名尊奥翔奥迪中心,right_only
奥迪e-tron,2021款50quattro豪华型,54.68,北京奥吉通奥迪,right_only
奥迪e-tron,2021款50quattro豪华型,54.68,运通博奥东四环奥迪,right_only
奥迪e-tron,2021款50quattro豪华型,54.68,北京兴奥晟通,right_only
奥迪e-tron,2021款50quattro豪华型,54.68,北京博瑞祥星奥迪国贸店,right_only
奥迪e-tron,2021款50quattro豪华型,54.68,北京首汽腾迪奥迪4S店,right_only
奥迪e-tron,2021款50quattro豪华型,54.68,北京中润发,right_only
奥迪e-tron,2021款50quattro豪华型,54.68,北京博瑞祥云奥迪,right_only
奥迪e-tron,2021款50quattro豪华型,54.68,北京奥嘉世茂,right_only
奥迪e-tron,2021款50quattro豪华型,54.68,北京寰宇恒通奥迪中心,right_only
奥迪e-tron,2021款50quattro臻选型,58.58,奥之旅奥迪中心,right_only
奥迪e-tron,2021款50quattro臻选型,58.58,北京德奥达,right_only
奥迪e-tron,2021款50quattro臻选型,58.58,北京诚行万奥,right_only
奥迪e-tron,2021款50quattro臻选型,58.58,北京奥吉通国门机场新建店,right_only
奥迪e-tron,2021款50quattro臻选型,58.58,百得利奥迪中心,right_only
奥迪e-tron,2021款50quattro臻选型,58.58,安洋伟业西南五环,right_only
奥迪e-tron,2021款50quattro臻选型,58.58,北京名尊奥翔奥迪中心,right_only
奥迪e-tron,2021款50quattro臻选型,58.58,北京奥吉通奥迪,right_only
奥迪e-tron,2021款50quattro臻选型,58.58,运通博奥东四环奥迪,right_only
奥迪e-tron,2021款50quattro臻选型,58.58,北京兴奥晟通,right_only
奥迪e-tron,2021款50quattro臻选型,58.58,北京博瑞祥星奥迪国贸店,right_only
奥迪e-tron,2021款50quattro臻选型,58.58,北京首汽腾迪奥迪4S店,right_only
奥迪e-tron,2021款50quattro臻选型,58.58,北京中润发,right_only
奥迪e-tron,2021款50quattro臻选型,58.58,北京博瑞祥云奥迪,right_only
奥迪e-tron,2021款50quattro臻选型,58.58,北京奥嘉世茂,right_only
奥迪e-tron,2021款50quattro臻选型,58.58,北京寰宇恒通奥迪中心,right_only
奥迪e-tron,2021款50quattro尊享型,64.88,奥之旅奥迪中心,right_only
奥迪e-tron,2021款50quattro尊享型,64.88,北京德奥达,right_only
奥迪e-tron,2021款50quattro尊享型,64.88,北京诚行万奥,right_only
奥迪e-tron,2021款50quattro尊享型,64.88,北京奥吉通国门机场新建店,right_only
奥迪e-tron,2021款50quattro尊享型,64.88,百得利奥迪中心,right_only
奥迪e-tron,2021款50quattro尊享型,64.88,安洋伟业西南五环,right_only
奥迪e-tron,2021款50quattro尊享型,64.88,北京名尊奥翔奥迪中心,right_only
奥迪e-tron,2021款50quattro尊享型,64.88,北京奥吉通奥迪,right_only
奥迪e-tron,2021款50quattro尊享型,64.88,运通博奥东四环奥迪,right_only
奥迪e-tron,2021款50quattro尊享型,64.88,北京兴奥晟通,right_only
奥迪e-tron,2021款50quattro尊享型,64.88,北京博瑞祥星奥迪国贸店,right_only
奥迪e-tron,2021款50quattro尊享型,64.88,北京首汽腾迪奥迪4S店,right_only
奥迪e-tron,2021款50quattro尊享型,64.88,北京中润发,right_only
奥迪e-tron,2021款50quattro尊享型,64.88,北京博瑞祥云奥迪,right_only
奥迪e-tron,2021款50quattro尊享型,64.88,北京奥嘉世茂,right_only
奥迪e-tron,2021款50quattro尊享型,64.88,北京寰宇恒通奥迪中心,right_only
奔驰A级,2024款A180L,25.03,奔驰北京运通兴驰,right_only
奔驰A级,2024款A180L,25.03,北京波士通达,right_only
奔驰A级,2024款A180L,25.03,北京利星行平治,right_only
奔驰A级,2024款A180L,25.03,北京亚奥之星,right_only
奔驰A级,2024款A180L,25.03,分钟寺奔驰鹏龙星徽,right_only
奔驰A级,2024款A180L,25.03,北京星徽福瑞奔驰,right_only
奔驰A级,2024款A180L,25.03,利星行之星北京,right_only
奔驰A级,2024款A180L,25.03,奔驰北京波士瑞达,right_only
奔驰A级,2024款A180L,25.03,北京波士畅达,right_only
奔驰A级,2024款A180L,25.03,北京之星汽车,right_only
奔驰A级,2024款A180L,25.03,北京波士诚达奔驰,right_only
奔驰A级,2024款A180L,25.03,利星行南法信奔驰,right_only
奔驰A级,2024款A180L,25.03,利星行北京花乡桥店,right_only
奔驰A级,2024款A180L,25.03,北京波士福达,right_only
奔驰A级,2024款A180L,25.03,利星行天竺之星,right_only
奔驰A级,2024款A180L,25.03,奔驰北京波士顺达,right_only
奔驰A级,2024款A200L动感型,26.16,奔驰北京运通兴驰,right_only
奔驰A级,2024款A200L动感型,26.16,北京波士通达,right_only
奔驰A级,2024款A200L动感型,26.16,北京利星行平治,right_only
奔驰A级,2024款A200L动感型,26.16,北京亚奥之星,right_only
奔驰A级,2024款A200L动感型,26.16,分钟寺奔驰鹏龙星徽,right_only
奔驰A级,2024款A200L动感型,26.16,北京星徽福瑞奔驰,right_only
奔驰A级,2024款A200L动感型,26.16,利星行之星北京,right_only
奔驰A级,2024款A200L动感型,26.16,奔驰北京波士瑞达,right_only
奔驰A级,2024款A200L动感型,26.16,北京波士畅达,right_only
奔驰A级,2024款A200L动感型,26.16,北京之星汽车,right_only
奔驰A级,2024款A200L动感型,26.16,北京波士诚达奔驰,right_only
奔驰A级,2024款A200L动感型,26.16,利星行南法信奔驰,right_only
奔驰A级,2024款A200L动感型,26.16,利星行北京花乡桥店,right_only
奔驰A级,2024款A200L动感型,26.16,北京波士福达,right_only
奔驰A级,2024款A200L动感型,26.16,利星行天竺之星,right_only
奔驰A级,2024款A200L动感型,26.16,奔驰北京波士顺达,right_only
奔驰A级,2024款A200L时尚型,27.3,奔驰北京运通兴驰,right_only
奔驰A级,2024款A200L时尚型,27.3,北京波士通达,right_only
奔驰A级,2024款A200L时尚型,27.3,北京利星行平治,right_only
奔驰A级,2024款A200L时尚型,27.3,北京亚奥之星,right_only
奔驰A级,2024款A200L时尚型,27.3,分钟寺奔驰鹏龙星徽,right_only
奔驰A级,2024款A200L时尚型,27.3,北京星徽福瑞奔驰,right_only
奔驰A级,2024款A200L时尚型,27.3,利星行之星北京,right_only
奔驰A级,2024款A200L时尚型,27.3,奔驰北京波士瑞达,right_only
奔驰A级,2024款A200L时尚型,27.3,北京波士畅达,right_only
奔驰A级,2024款A200L时尚型,27.3,北京之星汽车,right_only
奔驰A级,2024款A200L时尚型,27.3,北京波士诚达奔驰,right_only
奔驰A级,2024款A200L时尚型,27.3,利星行南法信奔驰,right_only
奔驰A级,2024款A200L时尚型,27.3,利星行北京花乡桥店,right_only
奔驰A级,2024款A200L时尚型,27.3,北京波士福达,right_only
奔驰A级,2024款A200L时尚型,27.3,利星行天竺之星,right_only
奔驰A级,2024款A200L时尚型,27.3,奔驰北京波士顺达,right_only
奔驰A级,2023款A180L,24.95,奔驰北京运通兴驰,right_only
奔驰A级,2023款A180L,24.95,百得利之星奔驰,right_only
奔驰A级,2023款A180L,24.95,北京波士通达,right_only
奔驰A级,2023款A180L,24.95,北京利星行平治,right_only
奔驰A级,2023款A180L,24.95,北京中升之星奔驰,right_only
奔驰A级,2023款A180L,24.95,北京亚奥之星,right_only
奔驰A级,2023款A180L,24.95,北京金冠奔驰,right_only
奔驰A级,2023款A180L,24.95,北京鹏龙大道奔驰,right_only
奔驰A级,2023款A180L,24.95,分钟寺奔驰鹏龙星徽,right_only
奔驰A级,2023款A180L,24.95,北京星徽福瑞奔驰,right_only
奔驰A级,2023款A180L,24.95,利星行之星北京,right_only
奔驰A级,2023款A180L,24.95,奔驰北京波士瑞达,right_only
奔驰A级,2023款A180L,24.95,北京博瑞祥驰,right_only
奔驰A级,2023款A180L,24.95,北京波士畅达,right_only
奔驰A级,2023款A180L,24.95,北京之星汽车,right_only
奔驰A级,2023款A180L,24.95,北京波士诚达奔驰,right_only
奔驰A级,2023款A180L,24.95,利星行南法信奔驰,right_only
奔驰A级,2023款A180L,24.95,利星行北京花乡桥店,right_only
奔驰A级,2023款A180L,24.95,北京波士福达,right_only
奔驰A级,2023款A180L,24.95,利星行天竺之星,right_only
奔驰A级,2023款A180L,24.95,奔驰北京波士顺达,right_only
奔驰A级,2023款A200L动感型,26.08,奔驰北京运通兴驰,right_only
奔驰A级,2023款A200L动感型,26.08,百得利之星奔驰,right_only
奔驰A级,2023款A200L动感型,26.08,北京波士通达,right_only
奔驰A级,2023款A200L动感型,26.08,北京利星行平治,right_only
奔驰A级,2023款A200L动感型,26.08,北京中升之星奔驰,right_only
奔驰A级,2023款A200L动感型,26.08,北京亚奥之星,right_only
奔驰A级,2023款A200L动感型,26.08,北京金冠奔驰,right_only
奔驰A级,2023款A200L动感型,26.08,北京鹏龙大道奔驰,right_only
奔驰A级,2023款A200L动感型,26.08,分钟寺奔驰鹏龙星徽,right_only
奔驰A级,2023款A200L动感型,26.08,北京星徽福瑞奔驰,right_only
奔驰A级,2023款A200L动感型,26.08,利星行之星北京,right_only
奔驰A级,2023款A200L动感型,26.08,奔驰北京波士瑞达,right_only
奔驰A级,2023款A200L动感型,26.08,北京博瑞祥驰,right_only
奔驰A级,2023款A200L动感型,26.08,北京波士畅达,right_only
奔驰A级,2023款A200L动感型,26.08,北京之星汽车,right_only
奔驰A级,2023款A200L动感型,26.08,北京波士诚达奔驰,right_only
奔驰A级,2023款A200L动感型,26.08,利星行南法信奔驰,right_only
奔驰A级,2023款A200L动感型,26.08,利星行北京花乡桥店,right_only
奔驰A级,2023款A200L动感型,26.08,北京波士福达,right_only
奔驰A级,2023款A200L动感型,26.08,利星行天竺之星,right_only
奔驰A级,2023款A200L动感型,26.08,奔驰北京波士顺达,right_only
奔驰A级,2023款A200L时尚型,27.22,奔驰北京运通兴驰,right_only
奔驰A级,2023款A200L时尚型,27.22,百得利之星奔驰,right_only
奔驰A级,2023款A200L时尚型,27.22,北京波士通达,right_only
奔驰A级,2023款A200L时尚型,27.22,北京利星行平治,right_only
奔驰A级,2023款A200L时尚型,27.22,北京中升之星奔驰,right_only
奔驰A级,2023款A200L时尚型,27.22,北京亚奥之星,right_only
奔驰A级,2023款A200L时尚型,27.22,北京金冠奔驰,right_only
奔驰A级,2023款A200L时尚型,27.22,北京鹏龙大道奔驰,right_only
奔驰A级,2023款A200L时尚型,27.22,分钟寺奔驰鹏龙星徽,right_only
奔驰A级,2023款A200L时尚型,27.22,北京星徽福瑞奔驰,right_only
奔驰A级,2023款A200L时尚型,27.22,利星行之星北京,right_only
奔驰A级,2023款A200L时尚型,27.22,奔驰北京波士瑞达,right_only
奔驰A级,2023款A200L时尚型,27.22,北京博瑞祥驰,right_only
奔驰A级,2023款A200L时尚型,27.22,北京波士畅达,right_only
奔驰A级,2023款A200L时尚型,27.22,北京之星汽车,right_only
奔驰A级,2023款A200L时尚型,27.22,北京波士诚达奔驰,right_only
奔驰A级,2023款A200L时尚型,27.22,利星行南法信奔驰,right_only
奔驰A级,2023款A200L时尚型,27.22,利星行北京花乡桥店,right_only
奔驰A级,2023款A200L时尚型,27.22,北京波士福达,right_only
奔驰A级,2023款A200L时尚型,27.22,利星行天竺之星,right_only
奔驰A级,2023款A200L时尚型,27.22,奔驰北京波士顺达,right_only
捷豹E-PACE,2024款青春运动型R-DYNAMIC,26.38,捷豹路虎北京德万隆店,right_only
捷豹E-PACE,2024款青春运动型R-DYNAMIC,26.38,兴捷捷豹路虎大兴补贴店,right_only
捷豹E-PACE,2024款青春运动型R-DYNAMIC,26.38,长久世达,right_only
捷豹E-PACE,2024款青春运动型R-DYNAMIC,26.38,惠通陆华捷豹路虎体验中心,right_only
捷豹E-PACE,2024款青春运动型R-DYNAMIC,26.38,兰德陆华全新标准5S店,right_only
捷豹E-PACE,2024款青春运动型R-DYNAMIC,26.38,北京中进捷旺,right_only
捷豹E-PACE,2024款青春运动型R-DYNAMIC,26.38,运通捷豹路虎全新5S店,right_only
捷豹E-PACE,2024款青春运动型R-DYNAMIC,26.38,北京燕英捷金港体验中心,right_only
捷豹E-PACE,2024款进取运动型R-DYNAMICS,28.8,捷豹路虎北京德万隆店,right_only
捷豹E-PACE,2024款进取运动型R-DYNAMICS,28.8,兴捷捷豹路虎大兴补贴店,right_only
捷豹E-PACE,2024款进取运动型R-DYNAMICS,28.8,长久世达,right_only
捷豹E-PACE,2024款进取运动型R-DYNAMICS,28.8,惠通陆华捷豹路虎体验中心,right_only
捷豹E-PACE,2024款进取运动型R-DYNAMICS,28.8,兰德陆华全新标准5S店,right_only
捷豹E-PACE,2024款进取运动型R-DYNAMICS,28.8,北京中进捷旺,right_only
捷豹E-PACE,2024款进取运动型R-DYNAMICS,28.8,运通捷豹路虎全新5S店,right_only
捷豹E-PACE,2024款进取运动型R-DYNAMICS,28.8,北京燕英捷金港体验中心,right_only
捷豹E-PACE,2024款耀黑运动型R-DYNAMICSEBLACK,32.1,捷豹路虎北京德万隆店,right_only
捷豹E-PACE,2024款耀黑运动型R-DYNAMICSEBLACK,32.1,兴捷捷豹路虎大兴补贴店,right_only
捷豹E-PACE,2024款耀黑运动型R-DYNAMICSEBLACK,32.1,长久世达,right_only
捷豹E-PACE,2024款耀黑运动型R-DYNAMICSEBLACK,32.1,惠通陆华捷豹路虎体验中心,right_only
捷豹E-PACE,2024款耀黑运动型R-DYNAMICSEBLACK,32.1,兰德陆华全新标准5S店,right_only
捷豹E-PACE,2024款耀黑运动型R-DYNAMICSEBLACK,32.1,北京中进捷旺,right_only
捷豹E-PACE,2024款耀黑运动型R-DYNAMICSEBLACK,32.1,运通捷豹路虎全新5S店,right_only
捷豹E-PACE,2024款耀黑运动型R-DYNAMICSEBLACK,32.1,北京燕英捷金港体验中心,right_only
英菲尼迪Q50L,2022款舒适型,26.48,北京运通博世英菲尼迪,right_only
英菲尼迪Q50L,2022款舒适型,26.48,北京博瑞英菲尼迪,right_only
英菲尼迪Q50L,2022款逸享型,29.48,北京运通博世英菲尼迪,right_only
英菲尼迪Q50L,2022款逸享型,29.48,北京博瑞英菲尼迪,right_only
英菲尼迪Q50L,2022款进享型,30.48,北京运通博世英菲尼迪,right_only
英菲尼迪Q50L,2022款进享型,30.48,北京博瑞英菲尼迪,right_only
英菲尼迪Q50L,2022款进享运动型,31.98,北京运通博世英菲尼迪,right_only
英菲尼迪Q50L,2022款进享运动型,31.98,北京博瑞英菲尼迪,right_only
英菲尼迪Q50L,2022款豪华运动型,38.98,北京运通博世英菲尼迪,right_only
英菲尼迪Q50L,2022款豪华运动型,38.98,北京博瑞英菲尼迪,right_only
捷豹XFL,2024款P200两驱精英豪华型,39.99,捷豹路虎北京德万隆店,right_only
捷豹XFL,2024款P200两驱精英豪华型,39.99,兴捷捷豹路虎大兴补贴店,right_only
捷豹XFL,2024款P200两驱精英豪华型,39.99,长久世达,right_only
捷豹XFL,2024款P200两驱精英豪华型,39.99,惠通陆华捷豹路虎体验中心,right_only
捷豹XFL,2024款P200两驱精英豪华型,39.99,兰德陆华全新标准5S店,right_only
捷豹XFL,2024款P200两驱精英豪华型,39.99,长久世捷西四环5S中心,right_only
捷豹XFL,2024款P200两驱精英豪华型,39.99,北京中进捷旺,right_only
捷豹XFL,2024款P200两驱精英豪华型,39.99,运通捷豹路虎全新5S店,right_only
捷豹XFL,2024款P200两驱精英豪华型,39.99,北京燕英捷金港体验中心,right_only
捷豹XFL,2024款P250两驱尊享豪华型,43.99,捷豹路虎北京德万隆店,right_only
捷豹XFL,2024款P250两驱尊享豪华型,43.99,兴捷捷豹路虎大兴补贴店,right_only
捷豹XFL,2024款P250两驱尊享豪华型,43.99,长久世达,right_only
捷豹XFL,2024款P250两驱尊享豪华型,43.99,惠通陆华捷豹路虎体验中心,right_only
捷豹XFL,2024款P250两驱尊享豪华型,43.99,兰德陆华全新标准5S店,right_only
捷豹XFL,2024款P250两驱尊享豪华型,43.99,长久世捷西四环5S中心,right_only
捷豹XFL,2024款P250两驱尊享豪华型,43.99,北京中进捷旺,right_only
捷豹XFL,2024款P250两驱尊享豪华型,43.99,运通捷豹路虎全新5S店,right_only
捷豹XFL,2024款P250两驱尊享豪华型,43.99,北京燕英捷金港体验中心,right_only
捷豹XFL,2024款P300四驱旗舰运动鎏金型,48.79,捷豹路虎北京德万隆店,right_only
捷豹XFL,2024款P300四驱旗舰运动鎏金型,48.79,兴捷捷豹路虎大兴补贴店,right_only
捷豹XFL,2024款P300四驱旗舰运动鎏金型,48.79,长久世达,right_only
捷豹XFL,2024款P300四驱旗舰运动鎏金型,48.79,惠通陆华捷豹路虎体验中心,right_only
捷豹XFL,2024款P300四驱旗舰运动鎏金型,48.79,兰德陆华全新标准5S店,right_only
捷豹XFL,2024款P300四驱旗舰运动鎏金型,48.79,长久世捷西四环5S中心,right_only
捷豹XFL,2024款P300四驱旗舰运动鎏金型,48.79,北京中进捷旺,right_only
捷豹XFL,2024款P300四驱旗舰运动鎏金型,48.79,运通捷豹路虎全新5S店,right_only
捷豹XFL,2024款P300四驱旗舰运动鎏金型,48.79,北京燕英捷金港体验中心,right_only
捷豹XFL,2023款XFLP200两驱精英豪华型,39.98,捷豹路虎北京德万隆店,right_only
捷豹XFL,2023款XFLP200两驱精英豪华型,39.98,兴捷捷豹路虎大兴补贴店,right_only
捷豹XFL,2023款XFLP200两驱精英豪华型,39.98,长久世达,right_only
捷豹XFL,2023款XFLP200两驱精英豪华型,39.98,惠通陆华捷豹路虎体验中心,right_only
捷豹XFL,2023款XFLP200两驱精英豪华型,39.98,兰德陆华全新标准5S店,right_only
捷豹XFL,2023款XFLP200两驱精英豪华型,39.98,长久世捷西四环5S中心,right_only
捷豹XFL,2023款XFLP200两驱精英豪华型,39.98,北京中进捷旺,right_only
捷豹XFL,2023款XFLP200两驱精英豪华型,39.98,运通捷豹路虎全新5S店,right_only
捷豹XFL,2023款XFLP200两驱精英豪华型,39.98,北京燕英捷金港体验中心,right_only
捷豹XFL,2023款XFLP250两驱精英运动型,42.5,捷豹路虎北京德万隆店,right_only
捷豹XFL,2023款XFLP250两驱精英运动型,42.5,兴捷捷豹路虎大兴补贴店,right_only
捷豹XFL,2023款XFLP250两驱精英运动型,42.5,长久世达,right_only
捷豹XFL,2023款XFLP250两驱精英运动型,42.5,惠通陆华捷豹路虎体验中心,right_only
捷豹XFL,2023款XFLP250两驱精英运动型,42.5,兰德陆华全新标准5S店,right_only
捷豹XFL,2023款XFLP250两驱精英运动型,42.5,长久世捷西四环5S中心,right_only
捷豹XFL,2023款XFLP250两驱精英运动型,42.5,北京中进捷旺,right_only
捷豹XFL,2023款XFLP250两驱精英运动型,42.5,运通捷豹路虎全新5S店,right_only
捷豹XFL,2023款XFLP250两驱精英运动型,42.5,北京燕英捷金港体验中心,right_only
捷豹XFL,2023款XFLP250两驱尊享豪华型,45.48,捷豹路虎北京德万隆店,right_only
捷豹XFL,2023款XFLP250两驱尊享豪华型,45.48,兴捷捷豹路虎大兴补贴店,right_only
捷豹XFL,2023款XFLP250两驱尊享豪华型,45.48,长久世达,right_only
捷豹XFL,2023款XFLP250两驱尊享豪华型,45.48,惠通陆华捷豹路虎体验中心,right_only
捷豹XFL,2023款XFLP250两驱尊享豪华型,45.48,兰德陆华全新标准5S店,right_only
捷豹XFL,2023款XFLP250两驱尊享豪华型,45.48,长久世捷西四环5S中心,right_only
捷豹XFL,2023款XFLP250两驱尊享豪华型,45.48,北京中进捷旺,right_only
捷豹XFL,2023款XFLP250两驱尊享豪华型,45.48,运通捷豹路虎全新5S店,right_only
捷豹XFL,2023款XFLP250两驱尊享豪华型,45.48,北京燕英捷金港体验中心,right_only
捷豹XFL,2023款XFLP250两驱精英运动鎏金型,42.5,捷豹路虎北京德万隆店,right_only
捷豹XFL,2023款XFLP250两驱精英运动鎏金型,42.5,兴捷捷豹路虎大兴补贴店,right_only
捷豹XFL,2023款XFLP250两驱精英运动鎏金型,42.5,长久世达,right_only
捷豹XFL,2023款XFLP250两驱精英运动鎏金型,42.5,惠通陆华捷豹路虎体验中心,right_only
捷豹XFL,2023款XFLP250两驱精英运动鎏金型,42.5,兰德陆华全新标准5S店,right_only
捷豹XFL,2023款XFLP250两驱精英运动鎏金型,42.5,长久世捷西四环5S中心,right_only
捷豹XFL,2023款XFLP250两驱精英运动鎏金型,42.5,北京中进捷旺,right_only
捷豹XFL,2023款XFLP250两驱精英运动鎏金型,42.5,运通捷豹路虎全新5S店,right_only
捷豹XFL,2023款XFLP250两驱精英运动鎏金型,42.5,北京燕英捷金港体验中心,right_only
捷豹XFL,2023款XFLP250两驱尊享豪华鎏金型,45.48,捷豹路虎北京德万隆店,right_only
捷豹XFL,2023款XFLP250两驱尊享豪华鎏金型,45.48,兴捷捷豹路虎大兴补贴店,right_only
捷豹XFL,2023款XFLP250两驱尊享豪华鎏金型,45.48,长久世达,right_only
捷豹XFL,2023款XFLP250两驱尊享豪华鎏金型,45.48,惠通陆华捷豹路虎体验中心,right_only
捷豹XFL,2023款XFLP250两驱尊享豪华鎏金型,45.48,兰德陆华全新标准5S店,right_only
捷豹XFL,2023款XFLP250两驱尊享豪华鎏金型,45.48,长久世捷西四环5S中心,right_only
捷豹XFL,2023款XFLP250两驱尊享豪华鎏金型,45.48,北京中进捷旺,right_only
捷豹XFL,2023款XFLP250两驱尊享豪华鎏金型,45.48,运通捷豹路虎全新5S店,right_only
捷豹XFL,2023款XFLP250两驱尊享豪华鎏金型,45.48,北京燕英捷金港体验中心,right_only
捷豹XFL,2023款XFLP300四驱旗舰运动型,49.78,捷豹路虎北京德万隆店,right_only
捷豹XFL,2023款XFLP300四驱旗舰运动型,49.78,兴捷捷豹路虎大兴补贴店,right_only
捷豹XFL,2023款XFLP300四驱旗舰运动型,49.78,长久世达,right_only
捷豹XFL,2023款XFLP300四驱旗舰运动型,49.78,惠通陆华捷豹路虎体验中心,right_only
捷豹XFL,2023款XFLP300四驱旗舰运动型,49.78,兰德陆华全新标准5S店,right_only
捷豹XFL,2023款XFLP300四驱旗舰运动型,49.78,长久世捷西四环5S中心,right_only
捷豹XFL,2023款XFLP300四驱旗舰运动型,49.78,北京中进捷旺,right_only
捷豹XFL,2023款XFLP300四驱旗舰运动型,49.78,运通捷豹路虎全新5S店,right_only
捷豹XFL,2023款XFLP300四驱旗舰运动型,49.78,北京燕英捷金港体验中心,right_only
北京BJ90,2023款山河经典型侠客型,47.8,北汽新能源北京祥盛通达店,right_only
北京BJ90,2023款山河经典型侠客型,47.8,北京越联升,right_only
北京BJ90,2023款山河经典型侠客型,47.8,北汽鹏元,right_only
北京BJ90,2023款山河经典型侠客型,47.8,北京北汽永超4S店,right_only
北京BJ90,2023款山河经典型侠客型,47.8,北京鹏远兴业,right_only
北京BJ90,2023款山河经典型至尊型,49.8,北汽新能源北京祥盛通达店,right_only
北京BJ90,2023款山河经典型至尊型,49.8,北京越联升,right_only
北京BJ90,2023款山河经典型至尊型,49.8,北汽鹏元,right_only
北京BJ90,2023款山河经典型至尊型,49.8,北京北汽永超4S店,right_only
北京BJ90,2023款山河经典型至尊型,49.8,北京鹏远兴业,right_only
奔驰GLA,2024款GLA200,29.99,奔驰北京运通兴驰,right_only
奔驰GLA,2024款GLA200,29.99,百得利之星奔驰,right_only
奔驰GLA,2024款GLA200,29.99,北京波士通达,right_only
奔驰GLA,2024款GLA200,29.99,北京利星行平治,right_only
奔驰GLA,2024款GLA200,29.99,北京中升之星奔驰,right_only
奔驰GLA,2024款GLA200,29.99,北京亚奥之星,right_only
奔驰GLA,2024款GLA200,29.99,北京金冠奔驰,right_only
奔驰GLA,2024款GLA200,29.99,北京鹏龙大道奔驰,right_only
奔驰GLA,2024款GLA200,29.99,分钟寺奔驰鹏龙星徽,right_only
奔驰GLA,2024款GLA200,29.99,北京星徽福瑞奔驰,right_only
奔驰GLA,2024款GLA200,29.99,利星行之星北京,right_only
奔驰GLA,2024款GLA200,29.99,奔驰北京波士瑞达,right_only
奔驰GLA,2024款GLA200,29.99,北京博瑞祥驰,right_only
奔驰GLA,2024款GLA200,29.99,北京波士畅达,right_only
奔驰GLA,2024款GLA200,29.99,北京之星汽车,right_only
奔驰GLA,2024款GLA200,29.99,北京波士诚达奔驰,right_only
奔驰GLA,2024款GLA200,29.99,利星行南法信奔驰,right_only
奔驰GLA,2024款GLA200,29.99,利星行北京花乡桥店,right_only
奔驰GLA,2024款GLA200,29.99,北京波士福达,right_only
奔驰GLA,2024款GLA200,29.99,利星行天竺之星,right_only
奔驰GLA,2024款GLA200,29.99,奔驰北京波士顺达,right_only
奔驰GLA,2024款GLA220,32.09,奔驰北京运通兴驰,right_only
奔驰GLA,2024款GLA220,32.09,百得利之星奔驰,right_only
奔驰GLA,2024款GLA220,32.09,北京波士通达,right_only
奔驰GLA,2024款GLA220,32.09,北京利星行平治,right_only
奔驰GLA,2024款GLA220,32.09,北京中升之星奔驰,right_only
奔驰GLA,2024款GLA220,32.09,北京亚奥之星,right_only
奔驰GLA,2024款GLA220,32.09,北京金冠奔驰,right_only
奔驰GLA,2024款GLA220,32.09,北京鹏龙大道奔驰,right_only
奔驰GLA,2024款GLA220,32.09,分钟寺奔驰鹏龙星徽,right_only
奔驰GLA,2024款GLA220,32.09,北京星徽福瑞奔驰,right_only
奔驰GLA,2024款GLA220,32.09,利星行之星北京,right_only
奔驰GLA,2024款GLA220,32.09,奔驰北京波士瑞达,right_only
奔驰GLA,2024款GLA220,32.09,北京博瑞祥驰,right_only
奔驰GLA,2024款GLA220,32.09,北京波士畅达,right_only
奔驰GLA,2024款GLA220,32.09,北京之星汽车,right_only
奔驰GLA,2024款GLA220,32.09,北京波士诚达奔驰,right_only
奔驰GLA,2024款GLA220,32.09,利星行南法信奔驰,right_only
奔驰GLA,2024款GLA220,32.09,利星行北京花乡桥店,right_only
奔驰GLA,2024款GLA220,32.09,北京波士福达,right_only
奔驰GLA,2024款GLA220,32.09,利星行天竺之星,right_only
奔驰GLA,2024款GLA220,32.09,奔驰北京波士顺达,right_only
奔驰GLA,2024款GLA2204MATIC,34.69,奔驰北京运通兴驰,right_only
奔驰GLA,2024款GLA2204MATIC,34.69,百得利之星奔驰,right_only
奔驰GLA,2024款GLA2204MATIC,34.69,北京波士通达,right_only
奔驰GLA,2024款GLA2204MATIC,34.69,北京利星行平治,right_only
奔驰GLA,2024款GLA2204MATIC,34.69,北京中升之星奔驰,right_only
奔驰GLA,2024款GLA2204MATIC,34.69,北京亚奥之星,right_only
奔驰GLA,2024款GLA2204MATIC,34.69,北京金冠奔驰,right_only
奔驰GLA,2024款GLA2204MATIC,34.69,北京鹏龙大道奔驰,right_only
奔驰GLA,2024款GLA2204MATIC,34.69,分钟寺奔驰鹏龙星徽,right_only
奔驰GLA,2024款GLA2204MATIC,34.69,北京星徽福瑞奔驰,right_only
奔驰GLA,2024款GLA2204MATIC,34.69,利星行之星北京,right_only
奔驰GLA,2024款GLA2204MATIC,34.69,奔驰北京波士瑞达,right_only
奔驰GLA,2024款GLA2204MATIC,34.69,北京博瑞祥驰,right_only
奔驰GLA,2024款GLA2204MATIC,34.69,北京波士畅达,right_only
奔驰GLA,2024款GLA2204MATIC,34.69,北京之星汽车,right_only
奔驰GLA,2024款GLA2204MATIC,34.69,北京波士诚达奔驰,right_only
奔驰GLA,2024款GLA2204MATIC,34.69,利星行南法信奔驰,right_only
奔驰GLA,2024款GLA2204MATIC,34.69,利星行北京花乡桥店,right_only
奔驰GLA,2024款GLA2204MATIC,34.69,北京波士福达,right_only
奔驰GLA,2024款GLA2204MATIC,34.69,利星行天竺之星,right_only
奔驰GLA,2024款GLA2204MATIC,34.69,奔驰北京波士顺达,right_only
奔驰GLA,2023款GLA200,28.78,奔驰北京运通兴驰,right_only
奔驰GLA,2023款GLA200,28.78,百得利之星奔驰,right_only
奔驰GLA,2023款GLA200,28.78,北京波士通达,right_only
奔驰GLA,2023款GLA200,28.78,北京利星行平治,right_only
奔驰GLA,2023款GLA200,28.78,北京中升之星奔驰,right_only
奔驰GLA,2023款GLA200,28.78,北京亚奥之星,right_only
奔驰GLA,2023款GLA200,28.78,北京金冠奔驰,right_only
奔驰GLA,2023款GLA200,28.78,北京鹏龙大道奔驰,right_only
奔驰GLA,2023款GLA200,28.78,分钟寺奔驰鹏龙星徽,right_only
奔驰GLA,2023款GLA200,28.78,北京星徽福瑞奔驰,right_only
奔驰GLA,2023款GLA200,28.78,利星行之星北京,right_only
奔驰GLA,2023款GLA200,28.78,奔驰北京波士瑞达,right_only
奔驰GLA,2023款GLA200,28.78,北京博瑞祥驰,right_only
奔驰GLA,2023款GLA200,28.78,北京波士畅达,right_only
奔驰GLA,2023款GLA200,28.78,北京之星汽车,right_only
奔驰GLA,2023款GLA200,28.78,北京波士诚达奔驰,right_only
奔驰GLA,2023款GLA200,28.78,利星行南法信奔驰,right_only
奔驰GLA,2023款GLA200,28.78,利星行北京花乡桥店,right_only
奔驰GLA,2023款GLA200,28.78,北京波士福达,right_only
奔驰GLA,2023款GLA200,28.78,利星行天竺之星,right_only
奔驰GLA,2023款GLA200,28.78,奔驰北京波士顺达,right_only
奔驰GLA,2023款GLA220,31.58,奔驰北京运通兴驰,right_only
奔驰GLA,2023款GLA220,31.58,百得利之星奔驰,right_only
奔驰GLA,2023款GLA220,31.58,北京波士通达,right_only
奔驰GLA,2023款GLA220,31.58,北京利星行平治,right_only
奔驰GLA,2023款GLA220,31.58,北京中升之星奔驰,right_only
奔驰GLA,2023款GLA220,31.58,北京亚奥之星,right_only
奔驰GLA,2023款GLA220,31.58,北京金冠奔驰,right_only
奔驰GLA,2023款GLA220,31.58,北京鹏龙大道奔驰,right_only
奔驰GLA,2023款GLA220,31.58,分钟寺奔驰鹏龙星徽,right_only
奔驰GLA,2023款GLA220,31.58,北京星徽福瑞奔驰,right_only
奔驰GLA,2023款GLA220,31.58,利星行之星北京,right_only
奔驰GLA,2023款GLA220,31.58,奔驰北京波士瑞达,right_only
奔驰GLA,2023款GLA220,31.58,北京博瑞祥驰,right_only
奔驰GLA,2023款GLA220,31.58,北京波士畅达,right_only
奔驰GLA,2023款GLA220,31.58,北京之星汽车,right_only
奔驰GLA,2023款GLA220,31.58,北京波士诚达奔驰,right_only
奔驰GLA,2023款GLA220,31.58,利星行南法信奔驰,right_only
奔驰GLA,2023款GLA220,31.58,利星行北京花乡桥店,right_only
奔驰GLA,2023款GLA220,31.58,北京波士福达,right_only
奔驰GLA,2023款GLA220,31.58,利星行天竺之星,right_only
奔驰GLA,2023款GLA220,31.58,奔驰北京波士顺达,right_only
奔驰GLA,2023款GLA2204MATIC,34.48,奔驰北京运通兴驰,right_only
奔驰GLA,2023款GLA2204MATIC,34.48,百得利之星奔驰,right_only
奔驰GLA,2023款GLA2204MATIC,34.48,北京波士通达,right_only
奔驰GLA,2023款GLA2204MATIC,34.48,北京利星行平治,right_only
奔驰GLA,2023款GLA2204MATIC,34.48,北京中升之星奔驰,right_only
奔驰GLA,2023款GLA2204MATIC,34.48,北京亚奥之星,right_only
奔驰GLA,2023款GLA2204MATIC,34.48,北京金冠奔驰,right_only
奔驰GLA,2023款GLA2204MATIC,34.48,北京鹏龙大道奔驰,right_only
奔驰GLA,2023款GLA2204MATIC,34.48,分钟寺奔驰鹏龙星徽,right_only
奔驰GLA,2023款GLA2204MATIC,34.48,北京星徽福瑞奔驰,right_only
奔驰GLA,2023款GLA2204MATIC,34.48,利星行之星北京,right_only
奔驰GLA,2023款GLA2204MATIC,34.48,奔驰北京波士瑞达,right_only
奔驰GLA,2023款GLA2204MATIC,34.48,北京博瑞祥驰,right_only
奔驰GLA,2023款GLA2204MATIC,34.48,北京波士畅达,right_only
奔驰GLA,2023款GLA2204MATIC,34.48,北京之星汽车,right_only
奔驰GLA,2023款GLA2204MATIC,34.48,北京波士诚达奔驰,right_only
奔驰GLA,2023款GLA2204MATIC,34.48,利星行南法信奔驰,right_only
奔驰GLA,2023款GLA2204MATIC,34.48,利星行北京花乡桥店,right_only
奔驰GLA,2023款GLA2204MATIC,34.48,北京波士福达,right_only
奔驰GLA,2023款GLA2204MATIC,34.48,利星行天竺之星,right_only
奔驰GLA,2023款GLA2204MATIC,34.48,奔驰北京波士顺达,right_only
宝马X1,2023款sDrive20LiX设计套装,28.89,北京中升宝晋未来科学城店,right_only
宝马X1,2023款sDrive20LiX设计套装,28.89,北京昌德宝宝马体验中心,right_only
宝马X1,2023款sDrive20LiX设计套装,28.89,北京星德宝宝马姚家园店,right_only
宝马X1,2023款sDrive20LiX设计套装,28.89,北京美宝行顺义城区店,right_only
宝马X1,2023款sDrive20LiX设计套装,28.89,石景山骏宝行宝马4S店,right_only
宝马X1,2023款sDrive20LiX设计套装,28.89,北京万宝航首都机场宝马店,right_only
宝马X1,2023款sDrive20LiX设计套装,28.89,北京汇宝行宝马体验中心,right_only
宝马X1,2023款sDrive20LiX设计套装,28.89,北京盈之宝望京领创灯塔店,right_only
宝马X1,2023款sDrive20LiX设计套装,28.89,北京华德宝宝马四惠店,right_only
宝马X1,2023款sDrive20LiX设计套装,28.89,北京京宝行,right_only
宝马X1,2023款sDrive20LiX设计套装,28.89,北京燕德宝,right_only
宝马X1,2023款sDrive20LiX设计套装,28.89,北京中升宝辉奥森店,right_only
宝马X1,2023款sDrive20LiX设计套装,28.89,北京博得宝宝马德胜门店,right_only
宝马X1,2023款sDrive20LiX设计套装,28.89,北京运通兴宝宝马,right_only
宝马X1,2023款sDrive20LiX设计套装,28.89,北京宝信行宝马朝阳公园店,right_only
宝马X1,2023款sDrive20LiX设计套装,28.89,北京宝泽行宝马丽泽商圈店,right_only
宝马X1,2023款sDrive20LiX设计套装,28.89,北京正通宝泽通州店,right_only
宝马X1,2023款sDrive20LiX设计套装,28.89,北京博瑞宝宝马永定门店,right_only
宝马X1,2023款sDrive20LiX设计套装,28.89,北京运通晟宝 亦庄新城店,right_only
宝马X1,2023款sDrive20LiX设计套装,28.89,北京宝诚百旺,right_only
宝马X1,2023款sDrive20LiX设计套装,28.89,宝马大客户中心北京晨德宝,right_only
宝马X1,2023款sDrive20LiX设计套装,28.89,北京运通嘉宝宝马体验中心,right_only
宝马X1,2023款sDrive25LiM运动套装,31.69,北京中升宝晋未来科学城店,right_only
宝马X1,2023款sDrive25LiM运动套装,31.69,北京昌德宝宝马体验中心,right_only
宝马X1,2023款sDrive25LiM运动套装,31.69,北京星德宝宝马姚家园店,right_only
宝马X1,2023款sDrive25LiM运动套装,31.69,北京美宝行顺义城区店,right_only
宝马X1,2023款sDrive25LiM运动套装,31.69,石景山骏宝行宝马4S店,right_only
宝马X1,2023款sDrive25LiM运动套装,31.69,北京万宝航首都机场宝马店,right_only
宝马X1,2023款sDrive25LiM运动套装,31.69,北京汇宝行宝马体验中心,right_only
宝马X1,2023款sDrive25LiM运动套装,31.69,北京盈之宝望京领创灯塔店,right_only
宝马X1,2023款sDrive25LiM运动套装,31.69,北京华德宝宝马四惠店,right_only
宝马X1,2023款sDrive25LiM运动套装,31.69,北京京宝行,right_only
宝马X1,2023款sDrive25LiM运动套装,31.69,北京燕德宝,right_only
宝马X1,2023款sDrive25LiM运动套装,31.69,北京中升宝辉奥森店,right_only
宝马X1,2023款sDrive25LiM运动套装,31.69,北京博得宝宝马德胜门店,right_only
宝马X1,2023款sDrive25LiM运动套装,31.69,北京运通兴宝宝马,right_only
宝马X1,2023款sDrive25LiM运动套装,31.69,北京宝信行宝马朝阳公园店,right_only
宝马X1,2023款sDrive25LiM运动套装,31.69,北京宝泽行宝马丽泽商圈店,right_only
宝马X1,2023款sDrive25LiM运动套装,31.69,北京正通宝泽通州店,right_only
宝马X1,2023款sDrive25LiM运动套装,31.69,北京博瑞宝宝马永定门店,right_only
宝马X1,2023款sDrive25LiM运动套装,31.69,北京运通晟宝 亦庄新城店,right_only
宝马X1,2023款sDrive25LiM运动套装,31.69,北京宝诚百旺,right_only
宝马X1,2023款sDrive25LiM运动套装,31.69,宝马大客户中心北京晨德宝,right_only
宝马X1,2023款sDrive25LiM运动套装,31.69,北京运通嘉宝宝马体验中心,right_only
宝马X1,2023款sDrive25LiX设计套装,31.69,北京中升宝晋未来科学城店,right_only
宝马X1,2023款sDrive25LiX设计套装,31.69,北京昌德宝宝马体验中心,right_only
宝马X1,2023款sDrive25LiX设计套装,31.69,北京星德宝宝马姚家园店,right_only
宝马X1,2023款sDrive25LiX设计套装,31.69,北京美宝行顺义城区店,right_only
宝马X1,2023款sDrive25LiX设计套装,31.69,石景山骏宝行宝马4S店,right_only
宝马X1,2023款sDrive25LiX设计套装,31.69,北京万宝航首都机场宝马店,right_only
宝马X1,2023款sDrive25LiX设计套装,31.69,北京汇宝行宝马体验中心,right_only
宝马X1,2023款sDrive25LiX设计套装,31.69,北京盈之宝望京领创灯塔店,right_only
宝马X1,2023款sDrive25LiX设计套装,31.69,北京华德宝宝马四惠店,right_only
宝马X1,2023款sDrive25LiX设计套装,31.69,北京京宝行,right_only
宝马X1,2023款sDrive25LiX设计套装,31.69,北京燕德宝,right_only
宝马X1,2023款sDrive25LiX设计套装,31.69,北京中升宝辉奥森店,right_only
宝马X1,2023款sDrive25LiX设计套装,31.69,北京博得宝宝马德胜门店,right_only
宝马X1,2023款sDrive25LiX设计套装,31.69,北京运通兴宝宝马,right_only
宝马X1,2023款sDrive25LiX设计套装,31.69,北京宝信行宝马朝阳公园店,right_only
宝马X1,2023款sDrive25LiX设计套装,31.69,北京宝泽行宝马丽泽商圈店,right_only
宝马X1,2023款sDrive25LiX设计套装,31.69,北京正通宝泽通州店,right_only
宝马X1,2023款sDrive25LiX设计套装,31.69,北京博瑞宝宝马永定门店,right_only
宝马X1,2023款sDrive25LiX设计套装,31.69,北京运通晟宝 亦庄新城店,right_only
宝马X1,2023款sDrive25LiX设计套装,31.69,北京宝诚百旺,right_only
宝马X1,2023款sDrive25LiX设计套装,31.69,宝马大客户中心北京晨德宝,right_only
宝马X1,2023款sDrive25LiX设计套装,31.69,北京运通嘉宝宝马体验中心,right_only
宝马X1,2023款xDrive25LiX设计套装,34.99,北京中升宝晋未来科学城店,right_only
宝马X1,2023款xDrive25LiX设计套装,34.99,北京昌德宝宝马体验中心,right_only
宝马X1,2023款xDrive25LiX设计套装,34.99,北京星德宝宝马姚家园店,right_only
宝马X1,2023款xDrive25LiX设计套装,34.99,北京美宝行顺义城区店,right_only
宝马X1,2023款xDrive25LiX设计套装,34.99,石景山骏宝行宝马4S店,right_only
宝马X1,2023款xDrive25LiX设计套装,34.99,北京万宝航首都机场宝马店,right_only
宝马X1,2023款xDrive25LiX设计套装,34.99,北京汇宝行宝马体验中心,right_only
宝马X1,2023款xDrive25LiX设计套装,34.99,北京盈之宝望京领创灯塔店,right_only
宝马X1,2023款xDrive25LiX设计套装,34.99,北京华德宝宝马四惠店,right_only
宝马X1,2023款xDrive25LiX设计套装,34.99,北京京宝行,right_only
宝马X1,2023款xDrive25LiX设计套装,34.99,北京燕德宝,right_only
宝马X1,2023款xDrive25LiX设计套装,34.99,北京中升宝辉奥森店,right_only
宝马X1,2023款xDrive25LiX设计套装,34.99,北京博得宝宝马德胜门店,right_only
宝马X1,2023款xDrive25LiX设计套装,34.99,北京运通兴宝宝马,right_only
宝马X1,2023款xDrive25LiX设计套装,34.99,北京宝信行宝马朝阳公园店,right_only
宝马X1,2023款xDrive25LiX设计套装,34.99,北京宝泽行宝马丽泽商圈店,right_only
宝马X1,2023款xDrive25LiX设计套装,34.99,北京正通宝泽通州店,right_only
宝马X1,2023款xDrive25LiX设计套装,34.99,北京博瑞宝宝马永定门店,right_only
宝马X1,2023款xDrive25LiX设计套装,34.99,北京运通晟宝 亦庄新城店,right_only
宝马X1,2023款xDrive25LiX设计套装,34.99,北京宝诚百旺,right_only
宝马X1,2023款xDrive25LiX设计套装,34.99,宝马大客户中心北京晨德宝,right_only
宝马X1,2023款xDrive25LiX设计套装,34.99,北京运通嘉宝宝马体验中心,right_only
宝马X1,2023款xDrive25LiM运动套装,34.99,北京中升宝晋未来科学城店,right_only
宝马X1,2023款xDrive25LiM运动套装,34.99,北京昌德宝宝马体验中心,right_only
宝马X1,2023款xDrive25LiM运动套装,34.99,北京星德宝宝马姚家园店,right_only
宝马X1,2023款xDrive25LiM运动套装,34.99,北京美宝行顺义城区店,right_only
宝马X1,2023款xDrive25LiM运动套装,34.99,石景山骏宝行宝马4S店,right_only
宝马X1,2023款xDrive25LiM运动套装,34.99,北京万宝航首都机场宝马店,right_only
宝马X1,2023款xDrive25LiM运动套装,34.99,北京汇宝行宝马体验中心,right_only
宝马X1,2023款xDrive25LiM运动套装,34.99,北京盈之宝望京领创灯塔店,right_only
宝马X1,2023款xDrive25LiM运动套装,34.99,北京华德宝宝马四惠店,right_only
宝马X1,2023款xDrive25LiM运动套装,34.99,北京京宝行,right_only
宝马X1,2023款xDrive25LiM运动套装,34.99,北京燕德宝,right_only
宝马X1,2023款xDrive25LiM运动套装,34.99,北京中升宝辉奥森店,right_only
宝马X1,2023款xDrive25LiM运动套装,34.99,北京博得宝宝马德胜门店,right_only
宝马X1,2023款xDrive25LiM运动套装,34.99,北京运通兴宝宝马,right_only
宝马X1,2023款xDrive25LiM运动套装,34.99,北京宝信行宝马朝阳公园店,right_only
宝马X1,2023款xDrive25LiM运动套装,34.99,北京宝泽行宝马丽泽商圈店,right_only
宝马X1,2023款xDrive25LiM运动套装,34.99,北京正通宝泽通州店,right_only
宝马X1,2023款xDrive25LiM运动套装,34.99,北京博瑞宝宝马永定门店,right_only
宝马X1,2023款xDrive25LiM运动套装,34.99,北京运通晟宝 亦庄新城店,right_only
宝马X1,2023款xDrive25LiM运动套装,34.99,北京宝诚百旺,right_only
宝马X1,2023款xDrive25LiM运动套装,34.99,宝马大客户中心北京晨德宝,right_only
宝马X1,2023款xDrive25LiM运动套装,34.99,北京运通嘉宝宝马体验中心,right_only
宝马2系,2023款225iM运动曜夜套装,30.29,北京中升宝晋未来科学城店,right_only
宝马2系,2023款225iM运动曜夜套装,30.29,北京昌德宝宝马体验中心,right_only
宝马2系,2023款225iM运动曜夜套装,30.29,北京星德宝宝马姚家园店,right_only
宝马2系,2023款225iM运动曜夜套装,30.29,北京美宝行顺义城区店,right_only
宝马2系,2023款225iM运动曜夜套装,30.29,石景山骏宝行宝马4S店,right_only
宝马2系,2023款225iM运动曜夜套装,30.29,北京万宝航首都机场宝马店,right_only
宝马2系,2023款225iM运动曜夜套装,30.29,北京汇宝行宝马体验中心,right_only
宝马2系,2023款225iM运动曜夜套装,30.29,北京盈之宝望京领创灯塔店,right_only
宝马2系,2023款225iM运动曜夜套装,30.29,北京华德宝宝马四惠店,right_only
宝马2系,2023款225iM运动曜夜套装,30.29,北京京宝行,right_only
宝马2系,2023款225iM运动曜夜套装,30.29,北京燕德宝,right_only
宝马2系,2023款225iM运动曜夜套装,30.29,北京中升宝辉奥森店,right_only
宝马2系,2023款225iM运动曜夜套装,30.29,北京博得宝宝马德胜门店,right_only
宝马2系,2023款225iM运动曜夜套装,30.29,北京运通兴宝宝马,right_only
宝马2系,2023款225iM运动曜夜套装,30.29,北京宝信行宝马朝阳公园店,right_only
宝马2系,2023款225iM运动曜夜套装,30.29,北京宝泽行宝马丽泽商圈店,right_only
宝马2系,2023款225iM运动曜夜套装,30.29,北京正通宝泽通州店,right_only
宝马2系,2023款225iM运动曜夜套装,30.29,北京博瑞宝宝马永定门店,right_only
宝马2系,2023款225iM运动曜夜套装,30.29,北京运通晟宝 亦庄新城店,right_only
宝马2系,2023款225iM运动曜夜套装,30.29,北京宝诚百旺,right_only
宝马2系,2023款225iM运动曜夜套装,30.29,宝马大客户中心北京晨德宝,right_only
宝马2系,2023款225iM运动曜夜套装,30.29,北京运通嘉宝宝马体验中心,right_only
宝马2系,2023款M240i,41.98,北京中升宝晋未来科学城店,right_only
宝马2系,2023款M240i,41.98,北京昌德宝宝马体验中心,right_only
宝马2系,2023款M240i,41.98,北京星德宝宝马姚家园店,right_only
宝马2系,2023款M240i,41.98,北京美宝行顺义城区店,right_only
宝马2系,2023款M240i,41.98,石景山骏宝行宝马4S店,right_only
宝马2系,2023款M240i,41.98,北京万宝航首都机场宝马店,right_only
宝马2系,2023款M240i,41.98,北京盈之宝望京领创灯塔店,right_only
宝马2系,2023款M240i,41.98,北京华德宝宝马四惠店,right_only
宝马2系,2023款M240i,41.98,北京京宝行,right_only
宝马2系,2023款M240i,41.98,北京燕德宝,right_only
宝马2系,2023款M240i,41.98,北京中升宝辉奥森店,right_only
宝马2系,2023款M240i,41.98,北京博得宝宝马德胜门店,right_only
宝马2系,2023款M240i,41.98,北京运通兴宝宝马,right_only
宝马2系,2023款M240i,41.98,北京宝信行宝马朝阳公园店,right_only
宝马2系,2023款M240i,41.98,北京宝泽行宝马丽泽商圈店,right_only
宝马2系,2023款M240i,41.98,北京正通宝泽通州店,right_only
宝马2系,2023款M240i,41.98,北京博瑞宝宝马永定门店,right_only
宝马2系,2023款M240i,41.98,北京运通晟宝 亦庄新城店,right_only
宝马2系,2023款M240i,41.98,宝马大客户中心北京晨德宝,right_only
宝马2系,2023款M240i,41.98,北京运通嘉宝宝马体验中心,right_only
宝马2系,2023款225i四门轿跑车M运动套装,27.29,北京中升宝晋未来科学城店,right_only
宝马2系,2023款225i四门轿跑车M运动套装,27.29,北京昌德宝宝马体验中心,right_only
宝马2系,2023款225i四门轿跑车M运动套装,27.29,北京星德宝宝马姚家园店,right_only
宝马2系,2023款225i四门轿跑车M运动套装,27.29,北京美宝行顺义城区店,right_only
宝马2系,2023款225i四门轿跑车M运动套装,27.29,石景山骏宝行宝马4S店,right_only
宝马2系,2023款225i四门轿跑车M运动套装,27.29,北京万宝航首都机场宝马店,right_only
宝马2系,2023款225i四门轿跑车M运动套装,27.29,北京汇宝行宝马体验中心,right_only
宝马2系,2023款225i四门轿跑车M运动套装,27.29,北京盈之宝望京领创灯塔店,right_only
宝马2系,2023款225i四门轿跑车M运动套装,27.29,北京华德宝宝马四惠店,right_only
宝马2系,2023款225i四门轿跑车M运动套装,27.29,北京京宝行,right_only
宝马2系,2023款225i四门轿跑车M运动套装,27.29,北京燕德宝,right_only
宝马2系,2023款225i四门轿跑车M运动套装,27.29,北京中升宝辉奥森店,right_only
宝马2系,2023款225i四门轿跑车M运动套装,27.29,北京博得宝宝马德胜门店,right_only
宝马2系,2023款225i四门轿跑车M运动套装,27.29,北京运通兴宝宝马,right_only
宝马2系,2023款225i四门轿跑车M运动套装,27.29,北京宝信行宝马朝阳公园店,right_only
宝马2系,2023款225i四门轿跑车M运动套装,27.29,北京宝泽行宝马丽泽商圈店,right_only
宝马2系,2023款225i四门轿跑车M运动套装,27.29,北京正通宝泽通州店,right_only
宝马2系,2023款225i四门轿跑车M运动套装,27.29,北京博瑞宝宝马永定门店,right_only
宝马2系,2023款225i四门轿跑车M运动套装,27.29,北京运通晟宝 亦庄新城店,right_only
宝马2系,2023款225i四门轿跑车M运动套装,27.29,北京宝诚百旺,right_only
宝马2系,2023款225i四门轿跑车M运动套装,27.29,宝马大客户中心北京晨德宝,right_only
宝马2系,2023款225i四门轿跑车M运动套装,27.29,北京运通嘉宝宝马体验中心,right_only
宝马2系,2023款225i四门轿跑车M运动曜夜套装,29.89,北京中升宝晋未来科学城店,right_only
宝马2系,2023款225i四门轿跑车M运动曜夜套装,29.89,北京中升宝晋未来科学城店,right_only
宝马2系,2023款225i四门轿跑车M运动曜夜套装,29.89,北京昌德宝宝马体验中心,right_only
宝马2系,2023款225i四门轿跑车M运动曜夜套装,29.89,北京昌德宝宝马体验中心,right_only
宝马2系,2023款225i四门轿跑车M运动曜夜套装,29.89,北京星德宝宝马姚家园店,right_only
宝马2系,2023款225i四门轿跑车M运动曜夜套装,29.89,北京星德宝宝马姚家园店,right_only
宝马2系,2023款225i四门轿跑车M运动曜夜套装,29.89,北京美宝行顺义城区店,right_only
宝马2系,2023款225i四门轿跑车M运动曜夜套装,29.89,北京美宝行顺义城区店,right_only
宝马2系,2023款225i四门轿跑车M运动曜夜套装,29.89,石景山骏宝行宝马4S店,right_only
宝马2系,2023款225i四门轿跑车M运动曜夜套装,29.89,石景山骏宝行宝马4S店,right_only
宝马2系,2023款225i四门轿跑车M运动曜夜套装,29.89,北京万宝航首都机场宝马店,right_only
宝马2系,2023款225i四门轿跑车M运动曜夜套装,29.89,北京万宝航首都机场宝马店,right_only
宝马2系,2023款225i四门轿跑车M运动曜夜套装,29.89,北京汇宝行宝马体验中心,right_only
宝马2系,2023款225i四门轿跑车M运动曜夜套装,29.89,北京汇宝行宝马体验中心,right_only
宝马2系,2023款225i四门轿跑车M运动曜夜套装,29.89,北京盈之宝望京领创灯塔店,right_only
宝马2系,2023款225i四门轿跑车M运动曜夜套装,29.89,北京盈之宝望京领创灯塔店,right_only
宝马2系,2023款225i四门轿跑车M运动曜夜套装,29.89,北京华德宝宝马四惠店,right_only
宝马2系,2023款225i四门轿跑车M运动曜夜套装,29.89,北京华德宝宝马四惠店,right_only
宝马2系,2023款225i四门轿跑车M运动曜夜套装,29.89,北京京宝行,right_only
宝马2系,2023款225i四门轿跑车M运动曜夜套装,29.89,北京京宝行,right_only
宝马2系,2023款225i四门轿跑车M运动曜夜套装,29.89,北京燕德宝,right_only
宝马2系,2023款225i四门轿跑车M运动曜夜套装,29.89,北京燕德宝,right_only
宝马2系,2023款225i四门轿跑车M运动曜夜套装,29.89,北京中升宝辉奥森店,right_only
宝马2系,2023款225i四门轿跑车M运动曜夜套装,29.89,北京中升宝辉奥森店,right_only
宝马2系,2023款225i四门轿跑车M运动曜夜套装,29.89,北京博得宝宝马德胜门店,right_only
宝马2系,2023款225i四门轿跑车M运动曜夜套装,29.89,北京博得宝宝马德胜门店,right_only
宝马2系,2023款225i四门轿跑车M运动曜夜套装,29.89,北京运通兴宝宝马,right_only
宝马2系,2023款225i四门轿跑车M运动曜夜套装,29.89,北京运通兴宝宝马,right_only
宝马2系,2023款225i四门轿跑车M运动曜夜套装,29.89,北京宝信行宝马朝阳公园店,right_only
宝马2系,2023款225i四门轿跑车M运动曜夜套装,29.89,北京宝信行宝马朝阳公园店,right_only
宝马2系,2023款225i四门轿跑车M运动曜夜套装,29.89,北京宝泽行宝马丽泽商圈店,right_only
宝马2系,2023款225i四门轿跑车M运动曜夜套装,29.89,北京宝泽行宝马丽泽商圈店,right_only
宝马2系,2023款225i四门轿跑车M运动曜夜套装,29.89,北京正通宝泽通州店,right_only
宝马2系,2023款225i四门轿跑车M运动曜夜套装,29.89,北京正通宝泽通州店,right_only
宝马2系,2023款225i四门轿跑车M运动曜夜套装,29.89,北京博瑞宝宝马永定门店,right_only
宝马2系,2023款225i四门轿跑车M运动曜夜套装,29.89,北京博瑞宝宝马永定门店,right_only
宝马2系,2023款225i四门轿跑车M运动曜夜套装,29.89,北京运通晟宝 亦庄新城店,right_only
宝马2系,2023款225i四门轿跑车M运动曜夜套装,29.89,北京运通晟宝 亦庄新城店,right_only
宝马2系,2023款225i四门轿跑车M运动曜夜套装,29.89,北京宝诚百旺,right_only
宝马2系,2023款225i四门轿跑车M运动曜夜套装,29.89,北京宝诚百旺,right_only
宝马2系,2023款225i四门轿跑车M运动曜夜套装,29.89,宝马大客户中心北京晨德宝,right_only
宝马2系,2023款225i四门轿跑车M运动曜夜套装,29.89,宝马大客户中心北京晨德宝,right_only
宝马2系,2023款225i四门轿跑车M运动曜夜套装,29.89,北京运通嘉宝宝马体验中心,right_only
宝马2系,2023款225i四门轿跑车M运动曜夜套装,29.89,北京运通嘉宝宝马体验中心,right_only
